Time,Sequence,Sim_time,mpc_dt,world_x_gt,world_y_gt,world_z_gt,world_x_perception,world_y_perception,world_z_perception,world_x_kf,world_y_kf,world_z_kf,d_gt,v_x_gt,v_y_gt,v_z_gt,v_x_kf,v_y_kf,v_z_kf,pitch_gt,yaw_gt,pitch_perception,yaw_perception,focal_length,focus_distance,aperture,dn,df,im_u,im_v_up,im_v_center,im_v_down,cost,Jp,Jim,JDoF,Jf,focal_length_d,dn_d,df_d,relative_roll,relative_pitch,relative_yaw,relative_roll_d,relative_pitch_d,relative_yaw_d,d_d,im_u_d,im_v_up_d,im_v_center_d,im_v_down_d
430.335,0,0.5,0.8,0.9,-15.633,-0.98,0,0,0,0,-18.1032,0,18.1032,0,-1.4,0,0,-5,0,-0,-3.14159,-0,-1.5708,0,1e+06,22,1.11351,-1.11375,0,0,561.413,473.526,210123,259428,128938,0,0,35,18.1032,18.1032,0,0,0,0,-0,0.785398,30,480,180,360,360
822.324,0,0.5,0.8,0.9,-16.2362,-0.98,0.687804,-12.717,-0.849974,0.7116,-13.6707,-0.89794,13.8491,0,-1.6528,0,0.159253,-3.59167,-0.179922,-0,-3.14159,0.0500034,-1.52649,0,449093,20.5855,3.86152,-3.86817,564,215,558.143,512.523,486355,735352,292924,0,0,35,13.8491,13.8491,0.00168224,0.0852913,0.047616,0,0.0500034,0.785398,30,480,180,360,360
1222.32,0,0.5,0.8,0.9,-16.9489,-0.98,0.734033,-13.3336,-0.924905,0.779908,-14.0318,-0.940388,15.1626,0,-1.9088,0,0.155096,-2.98285,-0.172892,-0,-3.14159,0.0578194,-1.51885,0,191035,19.3565,3.57286,-3.58627,574,210,590.199,558.896,435356,1.16829e+06,482549,0,0,35,15.1626,15.1626,0.00315835,0.0801705,0.140354,0,0.0578194,0.785398,30,480,180,360,360
1622.33,0,0.5,0.8,0.9,-17.7639,-0.98,1.24487,-14.0533,-0.879598,1.27489,-14.6222,-0.922163,17.4886,0,-2.1648,0,0.433428,-2.60789,-0.113365,-0,-3.14159,0.0428557,-1.4061,0,85003,18.3669,3.86527,-3.90075,526,253,402.724,495.643,297207,1.47605e+06,634902,0,0,35,17.4886,17.4886,0.012876,0.0929872,0.251201,-1.73632e-18,0.0428557,0.785398,30,480,180,360,360
2022.34,0,0.5,0.8,0.9,-18.6814,-0.98,1.5138,-14.9682,-0.966918,1.63024,-15.4716,-0.978464,21.0639,0,-2.4208,0,0.542587,-2.48598,-0.125373,-0,-3.14159,0.0492324,-1.35591,0,41505.6,17.5842,4.35685,-4.45028,398,226,380.781,435.759,210305,1.61968e+06,814808,0,0,35,21.0639,21.0639,0.0208698,0.101598,0.378907,-3.47366e-18,0.0492324,0.785398,30,480,180,360,360
2422.33,0,0.5,0.8,0.9,-19.7012,-0.98,1.94186,-16.14,-1.10074,2.03184,-16.6258,-1.12497,25.0012,0,-2.6768,0,0.67592,-2.59947,-0.191297,-0,-3.14159,0.0711025,-1.31641,0,23661.7,16.9744,5.1982,-5.4371,347,201,271.391,400.381,308024,1.71013e+06,1.1725e+06,0,0,35,25.0012,25.0012,0.0257327,0.122344,0.464996,3.47824e-18,0.0711025,0.785398,30,480,180,360,360
2822.34,0,0.5,0.8,0.9,-20.8234,-0.98,1.96257,-17.4812,-1.18064,2.1094,-18.0116,-1.22273,28.3975,0,-2.9328,0,0.53884,-2.83246,-0.20427,-0,-3.14159,0.0707287,-1.38281,0,16341.7,16.504,6.38082,-6.92133,256,207,235.94,430.447,367531,1.90754e+06,1.61882e+06,0,0,35,28.3975,28.3975,0.0238453,0.118585,0.461915,3.47814e-18,0.0707287,0.785398,30,480,180,360,360
3222.34,0,0.5,0.8,0.9,-22.0481,-0.98,2.23396,-18.8359,-1.23663,2.34376,-19.4023,-1.28309,30.4991,0,-3.1888,0,0.550953,-3.00986,-0.187254,-0,-3.14159,0.0611204,-1.38975,0,13338.7,16.1437,7.27379,-8.1642,245,247,236.974,486.398,302586,2.24469e+06,2.00484e+06,0,0,35,30.4991,30.4991,0.028261,0.112343,0.503743,-3.47594e-18,0.0611204,0.785398,30,480,180,360,360
3622.36,0,0.5,0.8,0.9,-23.3751,-0.98,2.23134,-20.2016,-1.40201,2.34167,-20.803,-1.42389,31.7838,0,-3.4448,0,0.397547,-3.14571,-0.239134,-0,-3.14159,0.0752768,-1.44509,0,12106.9,15.8688,7.62071,-8.71826,269,283,278.645,489.224,203038,2.71246e+06,2.28814e+06,0,0,35,31.7838,31.7838,0.0332878,0.137846,0.488311,-3.4793e-18,0.0752768,0.785398,30,480,180,360,360
4022.33,0,0.5,0.8,0.9,-24.8046,-0.98,2.18244,-21.4951,-1.29093,2.25531,-22.1291,-1.3269,32.5468,0,-3.7008,0,0.231052,-3.19047,-0.111175,-0,-3.14159,0.0347411,-1.4985,0,11601.5,15.6595,7.537,-8.66254,317,288,348.06,470.802,110688,3.26917e+06,2.477e+06,0,0,35,32.5468,32.5468,0.0365567,0.106375,0.471091,0,0.0347411,0.785398,30,480,180,360,360
4502.32,0,0.5,0.8,0.9,-26.6551,-0.98,2.25652,-23.8934,-1.32017,2.31421,-23.6752,-1.35831,32.8302,0,-4.008,0,0.20828,-3.37434,-0.0991727,-0,-3.14159,0.029326,-1.50915,0,11394.2,15.5004,7.13276,-8.15358,416,238,416.666,423.955,41530,3.90179e+06,2.59996e+06,0,0,35,32.8302,32.8302,0.0424563,0.108319,0.492178,-1.73547e-18,0.029326,0.785398,30,480,180,360,360
4846.33,0,0.5,0.8,0.9,-28.0868,-0.98,2.31832,-25.585,-1.13719,2.30434,-25.3117,-1.27635,32.8815,0,-4.2304,0,0.145838,-3.56257,-0.0140582,-0,-3.14159,0.00394277,-1.52988,0,11305.8,15.3841,6.55962,-7.42072,460,226,444.65,396.62,20381,4.59797e+06,2.70338e+06,0,0,35,32.8815,32.8815,0.044005,0.0840892,0.501079,0,0.00394277,0.785398,30,480,180,360,360
5318.33,0,0.5,0.8,0.9,-30.1348,-0.98,2.30615,-27.4905,-1.04303,2.30426,-27.1668,-1.10105,32.6238,0,-4.5296,0,0.101817,-3.85015,0.104548,-0,-3.14159,-0.027138,-1.54436,0,11273.4,15.2938,6.11102,-6.85411,467,216,451.883,389.794,19602.9,5.35088e+06,2.80545e+06,0,0,35,32.6238,32.6238,0.0449589,0.0509316,0.521472,-1.73536e-18,-0.027138,0.785398,30,480,180,360,360
5662.34,0,0.5,0.8,0.9,-31.724,-0.98,2.45613,-29.4525,-0.981474,2.36063,-29.1897,-1.08396,32.3477,0,-4.7488,0,0.112524,-4.15381,0.0809461,-0,-3.14159,-0.0194776,-1.54371,0,11259.1,15.2261,6.07262,-6.80688,396,159,356.89,331.017,50858.5,6.14924e+06,2.94214e+06,0,0,35,32.3477,32.3477,0.0483589,0.0614817,0.537315,2.60258e-18,-0.0194776,0.785398,30,480,180,360,360
6022.33,0,0.5,0.8,0.9,-33.4878,-0.98,2.3692,-30.3054,-1.06524,2.41313,-31.1701,-1.02765,31.7167,0,-4.9808,0,0.108319,-4.37898,0.0878273,-0,-3.14159,-0.0200477,-1.54607,0,11253.8,15.1738,6.63916,-7.5273,357,126,310.983,304.587,143017,6.92103e+06,3.17248e+06,0,0,35,31.7167,31.7167,0.0468606,0.0535132,0.56622,-8.67536e-19,-0.0200477,0.785398,30,480,180,360,360
6438.33,0,0.5,0.8,0.9,-35.6234,-0.98,2.40226,-32.4181,-0.992113,2.43816,-33.3307,-0.955202,31.3744,0,-5.248,0,0.0897335,-4.64651,0.105577,-0,-3.14159,-0.0227136,-1.55149,0,11251.6,15.1319,7.2355,-8.30342,326,128,336.159,343.684,121547,7.38761e+06,3.38535e+06,0,0,35,31.3744,31.3744,0.0398753,0.0339574,0.612528,0,-0.0227136,0.785398,30,480,180,360,360
6934.34,0,0.5,0.8,0.9,-38.286,-0.98,2.48509,-35.6177,-0.992905,2.58366,-35.5816,-0.975405,31.2342,0,-5.5632,0,0.163215,-4.9158,0.0684616,-0,-3.14159,-0.0139183,-1.53761,0,11250.6,15.1004,7.30882,-8.40024,371,165,390.561,364.128,58121.4,8.22484e+06,3.53446e+06,0,0,35,31.2342,31.2342,0.0378112,0.0337954,0.66964,0,-0.0139183,0.785398,30,480,180,360,360
7270.34,0,0.5,0.8,0.9,-40.2148,-0.98,2.56354,-38.0839,-1.05179,2.65581,-37.9304,-0.999428,31.282,0,-5.7808,0,0.177815,-5.19176,0.0326002,-0,-3.14159,-0.00627545,-1.53656,0,11250.2,15.0772,7.00333,-7.99925,400,143,389.259,344.293,31047,9.14551e+06,3.65849e+06,0,0,35,31.282,31.282,0.0341132,0.0344639,0.696738,8.67379e-19,-0.00627545,0.785398,30,480,180,360,360
7670.33,0,0.5,0.8,0.9,-42.5635,-0.98,2.51468,-40.4107,-1.12236,2.62723,-40.3276,-1.11356,31.2503,0,-6.0352,0,0.113951,-5.41103,-0.055209,-0,-3.14159,0.0102004,-1.54974,0,11250.1,15.0595,6.6042,-7.48273,396,121,384.854,313.685,42891.5,1.01334e+07,3.79454e+06,0,0,35,31.2503,31.2503,0.0307711,0.04692,0.697188,0,0.0102004,0.785398,30,480,180,360,360
8086.33,0,0.5,0.8,0.9,-45.1236,-0.98,2.47211,-42.934,-0.982374,2.50457,-42.8165,-1.1008,31.3213,0,-6.3008,0,0.00200672,-5.64005,-0.0289003,-0,-3.14159,0.00512408,-1.57044,0,11250,15.0457,6.60864,-7.48843,389,148,380.179,327.799,41603.4,1.12208e+07,3.92888e+06,0,0,35,31.3213,31.3213,0.0249696,0.0352891,0.691244,0,0.00512408,0.785398,30,480,180,360,360
8646.34,0,0.5,0.8,0.9,-48.7528,-0.98,2.39958,-45.5733,-0.972585,2.4399,-45.2757,-0.953525,31.0675,0,-6.6592,0,-0.04266,-5.77708,0.0755958,-0,-3.14159,-0.0130844,-1.57818,0,11250,15.0351,6.59153,-7.46648,388,159,398.323,351.858,48283,1.23197e+07,4.07085e+06,0,0,35,31.0675,31.0675,0.0211007,0.0120263,0.698702,-8.67436e-19,-0.0130844,0.785398,30,480,180,360,360
8846.33,0,0.5,0.8,0.9,-50.1316,-0.98,2.39371,-48.1737,-0.918849,2.38942,-48.0198,-0.920761,31.0293,0,-6.7904,0,-0.0630461,-6.05713,0.0792303,-0,-3.14159,-0.013079,-1.5812,0,11250,15.027,6.70657,-7.61443,401,159,409.135,350.114,33181.2,1.29984e+07,4.19933e+06,0,0,35,31.0293,31.0293,0.0190842,0.0090384,0.711802,1.73487e-18,-0.013079,0.785398,30,480,180,360,360
9270.34,0,0.5,0.8,0.9,-53.058,-0.98,2.49839,-50.9404,-0.91559,2.36572,-50.7814,-0.893287,30.9098,0,-7.0608,0,-0.0624295,-6.29605,0.07605,-0,-3.14159,-0.0120778,-1.58071,0,11250,15.0207,6.45495,-7.29171,459,169,462.285,360.648,9918.52,1.42645e+07,4.30245e+06,0,0,35,30.9098,30.9098,0.0173163,0.00696163,0.737952,8.67425e-19,-0.0120778,0.785398,30,480,180,360,360
9654.33,0,0.5,0.8,0.9,-55.8241,-0.98,2.57682,-53.7625,-0.951725,2.56374,-53.6309,-0.903962,30.7625,0,-7.3072,0,0.0875514,-6.52252,0.0482021,-0,-3.14159,-0.0073893,-1.55737,0,11250,15.0159,5.92823,-6.62661,459,158,449.284,347.63,7724.23,1.55791e+07,4.40595e+06,0,0,35,30.7625,30.7625,0.0168728,0.0104204,0.758313,0,-0.0073893,0.785398,30,480,180,360,360
10046.3,0,0.5,0.8,0.9,-58.7229,-0.98,2.64123,-56.711,-0.913202,2.6385,-56.6341,-0.944486,30.7565,0,-7.5568,0,0.115307,-6.79768,0.00916439,-0,-3.14159,-0.00134797,-1.55384,0,11250,15.0121,5.92743,-6.62561,462,162,450.669,343.416,3882.07,1.70095e+07,4.50563e+06,0,0,35,30.7565,30.7565,0.0153143,0.0145959,0.7652,0,-0.00134797,0.785398,30,480,180,360,360
10454.3,0,0.5,0.8,0.9,-61.8753,-0.98,2.69161,-59.6908,-0.937832,2.68882,-59.5965,-0.927176,30.6954,0,-7.8192,0,0.118107,-6.96796,0.0160881,-0,-3.14159,-0.00230853,-1.55385,0,10386.7,14.9964,5.83455,-6.573,471,165,465.124,348.766,2233.29,1.8508e+07,4.60391e+06,0,0,35,30.6954,30.6954,0.0130056,0.011169,0.767534,-1.08421e-19,-0.00230853,0.785398,30,480,180,360,360
10862.3,0,0.5,0.8,0.9,-65.1151,-0.98,2.7639,-62.9186,-0.959478,2.75624,-62.6443,-0.96346,30.5914,0,-8.08,0,0.132574,-7.14921,-0.0140768,-0,-3.14159,0.00196867,-1.55225,0,10650.3,14.9595,5.82126,-6.53573,487,167,476.719,347.575,1651.03,2.00717e+07,4.70182e+06,0,0,35,30.5914,30.5914,0.0117955,0.0141026,0.771219,1.0842e-19,0.00196867,0.785398,30,480,180,360,360
11334.3,0,0.5,0.8,0.9,-69.0047,-0.98,2.94805,-66.1148,-0.851068,2.88342,-65.9813,-0.914367,30.6476,0,-8.3824,0,0.185985,-7.47115,0.0255045,-0,-3.14159,-0.00341266,-1.54591,0,10564.5,14.8793,5.67109,-6.35318,510,184,490.86,355.518,1338.27,2.17964e+07,4.79932e+06,0,0,35,30.6476,30.6476,0.00988005,0.00661341,0.778038,0,-0.00341266,0.785398,30,480,180,360,360
11654.3,0,0.5,0.8,0.9,-71.6986,-0.98,2.97518,-69.5412,-0.842743,3.01983,-69.295,-0.803358,30.7355,0,-8.5856,0,0.224996,-7.69583,0.092975,-0,-3.14159,-0.0120755,-1.54157,0,10789.3,14.8767,5.70092,-6.37457,524,183,489.315,363.007,3293.05,2.36511e+07,4.8986e+06,0,0,35,30.7355,30.7355,0.0096784,-0.00229727,0.780245,-8.67425e-19,-0.0120755,0.785398,30,480,180,360,360
12054.3,0,0.5,0.8,0.9,-75.1623,-0.98,2.79197,-73.1107,-0.923594,2.9954,-72.9688,-0.861469,31.1451,0,-8.84,0,0.145763,-8.10682,0.0271999,-0,-3.14159,-0.00335464,-1.55282,0,10948.7,14.8999,5.69708,-6.35884,513,173,490.651,350.895,7182.79,2.58209e+07,5.00014e+06,0,0,35,31.1451,31.1451,0.0107786,0.00790592,0.763502,2.16842e-19,-0.00335464,0.785398,30,480,180,360,360
12470.3,0,0.5,0.8,0.9,-78.9319,-0.98,2.64445,-76.4911,-0.965448,2.75062,-76.4798,-0.944201,31.496,0,-9.1088,0,-0.0558143,-8.28926,-0.0351287,-0,-3.14159,0.00423773,-1.57753,0,9481.81,14.829,5.65512,-6.42105,495,172,474.131,347.025,5062.96,2.81922e+07,5.09764e+06,0,0,35,31.496,31.496,0.00935391,0.0146576,0.73152,4.33685e-19,0.00423773,0.785398,30,480,180,360,360
12966.3,0,0.5,0.8,0.9,-83.5195,-0.98,2.63157,-80.3448,-0.935069,2.60405,-80.2753,-0.958766,31.8517,0,-9.4256,0,-0.132861,-8.48773,-0.0319714,-0,-3.14159,0.0037663,-1.58645,0,10236.8,14.8563,5.78692,-6.5246,493,187,482.976,358.565,4098.31,2.98876e+07,5.19509e+06,0,0,35,31.8517,31.8517,0.00775633,0.0125681,0.722323,0,0.0037663,0.785398,30,480,180,360,360
13254.3,0,0.5,0.8,0.9,-86.2321,-0.98,2.5555,-84.0596,-0.88874,2.5598,-83.897,-0.936584,31.689,0,-9.608,0,-0.131233,-8.7728,-0.00944501,-0,-3.14159,0.0010765,-1.58575,0,10777.9,14.8665,5.74366,-6.42886,502,193,501.203,362.411,9541.03,3.25817e+07,5.29261e+06,0,0,35,31.689,31.689,0.00717077,0.00903874,0.73313,-5.42101e-20,0.0010765,0.785398,30,480,180,360,360
13662.3,0,0.5,0.8,0.9,-90.2255,-0.98,2.60771,-87.8077,-0.979592,2.59535,-87.8044,-0.898039,31.6778,0,-9.8704,0,-0.0664925,-9.04773,0.0168029,-0,-3.14159,-0.00185709,-1.57815,0,9243.12,14.8036,5.13212,-5.77322,473,193,450.962,365.27,6366.46,3.41823e+07,5.39315e+06,0,0,35,31.6778,31.6778,0.00786766,0.00695641,0.72874,2.16841e-19,-0.00185709,0.785398,30,480,180,360,360
14054.3,0,0.5,0.8,0.9,-94.1239,-0.98,2.47712,-91.812,-0.924065,2.49752,-91.5797,-0.979095,31.4328,0,-10.12,0,-0.11973,-9.16169,-0.0393819,-0,-3.14159,0.00429815,-1.58386,0,9941.17,14.8378,5.78839,-6.55131,494,198,503.351,365.302,9282.47,3.70439e+07,5.49081e+06,0,0,35,31.4328,31.4328,0.0100476,0.0152774,0.741091,2.16842e-19,0.00429815,0.785398,30,480,180,360,360
14462.3,0,0.5,0.8,0.9,-98.3532,-0.98,2.59062,-95.9664,-0.979341,2.54349,-95.6555,-0.941411,31.4314,0,-10.384,0,-0.0491899,-9.4395,-0.0057032,-0,-3.14159,0.000604176,-1.57601,0,8712.47,14.5203,5.49486,-6.28802,480,197,458.411,366.457,8900.24,4.00738e+07,5.59296e+06,0,0,35,31.4314,31.4314,0.0105192,0.012204,0.736548,-2.71051e-20,0.000604176,0.785398,30,480,180,360,360
14902.3,0,0.5,0.8,0.9,-102.931,-0.98,2.56331,-100.142,-0.948963,2.58674,-100.05,-0.964567,31.4229,0,-10.6624,0,-0.00780976,-9.86116,-0.0172605,-0,-3.14159,0.00175035,-1.57159,0,9917.39,14.5919,6.09108,-6.94407,472,194,463.954,365.413,4580.54,4.1914e+07,5.69274e+06,0,0,35,31.4229,31.4229,0.0120725,0.0149216,0.741858,0,0.00175035,0.785398,30,480,180,360,360
15294.3,0,0.5,0.8,0.9,-107.166,-0.98,2.53948,-104.244,-0.855536,2.52615,-104.303,-0.886358,31.4481,0,-10.9136,0,-0.0475068,-10.0777,0.0433861,-0,-3.14159,-0.0043051,-1.57551,0,10714.3,14.689,5.96999,-6.71873,516,193,534.56,365.811,12034.6,4.53882e+07,5.7933e+06,0,0,35,31.4481,31.4481,0.0133165,0.00978349,0.757187,2.16842e-19,-0.0043051,0.785398,30,480,180,360,360
15646.4,0,0.5,0.8,0.9,-111.081,-0.98,2.72468,-108.939,-0.965625,2.6675,-108.625,-0.879744,31.4933,0,-11.1408,0,0.0683134,-10.2962,0.0325456,-0,-3.14159,-0.00316086,-1.56416,0,11021.6,14.7592,6.09627,-6.85455,519,190,499.308,375.129,5358.43,4.90206e+07,5.89135e+06,0,0,35,31.4933,31.4933,0.0142311,0.0120273,0.752824,0,-0.00316086,0.785398,30,480,180,360,360
16062.3,0,0.5,0.8,0.9,-115.817,-0.98,2.74639,-113.394,-0.970814,2.74657,-113.231,-0.985631,31.6918,0,-11.4096,0,0.100548,-10.6217,-0.0459491,-0,-3.14159,0.00432574,-1.56133,0,9606.12,14.349,6.19814,-7.11649,512,190,494.691,360.716,7280.21,5.29532e+07,5.99082e+06,0,0,35,31.6918,31.6918,0.0158595,0.0213061,0.751212,-2.16842e-19,0.00432574,0.785398,30,480,180,360,360
16470.3,0,0.5,0.8,0.9,-120.461,-0.98,2.8099,-118.036,-0.992343,2.78317,-117.718,-0.981242,31.4921,0,-11.6672,0,0.0979215,-10.78,-0.0307603,-0,-3.14159,0.00285334,-1.56171,0,10209.7,14.4244,6.17949,-7.03055,508,183,476.589,358.731,5408.36,5.69531e+07,6.08802e+06,0,0,35,31.4921,31.4921,0.0155689,0.0196586,0.74716,2.16841e-19,0.00285334,0.785398,30,480,180,360,360
16854.3,0,0.5,0.8,0.9,-125.06,-0.98,2.77512,-122.591,-1.03185,2.79488,-122.297,-1.02271,31.3209,0,-11.9152,0,0.0752888,-10.9451,-0.0509814,-0,-3.14159,0.00465779,-1.56392,0,8260.55,14.0467,5.84883,-6.81371,495,182,476.575,354.167,4497.5,6.10276e+07,6.1862e+06,0,0,35,31.3209,31.3209,0.0154846,0.0214625,0.74447,-2.16843e-19,0.00465779,0.785398,30,480,180,360,360
17342.3,0,0.5,0.8,0.9,-130.815,-0.98,2.68176,-127.357,-1.06812,2.74514,-126.866,-1.08334,31.1713,0,-12,0,0.0200206,-11.1849,-0.0799237,-0,-3.14159,0.00714556,-1.56901,0,7714.16,14.0875,5.72591,-6.72412,492,188,477.549,355.656,5208.25,6.49072e+07,6.28632e+06,0,0,35,31.1713,31.1713,0.0104631,0.0185216,0.74359,-4.33692e-19,0.00714556,0.785398,30,480,180,360,360
17694.3,0,0.5,0.8,0.9,-135.135,-0.98,2.66276,-132.284,-1.01522,2.6492,-131.894,-1.05941,31.4609,0,-12,0,-0.0505862,-11.4318,-0.0395626,-0,-3.14159,0.00346072,-1.57522,0,9062.37,14.26,6.07707,-7.01834,500,189,500.966,357.665,4864.6,6.94199e+07,6.38352e+06,0,0,35,31.4609,31.4609,0.00875348,0.012973,0.743858,0,0.00346072,0.785398,30,480,180,360,360
18054.3,0,0.5,0.8,0.9,-139.425,-0.98,2.64248,-137.01,-1.03153,2.64625,-136.94,-1.01716,31.6607,0,-12,0,-0.0392979,-11.7395,-0.00147841,-0,-3.14159,0.000125934,-1.57414,0,10090.4,14.3855,5.88309,-6.65966,491,189,470.01,362.235,5262.86,7.42462e+07,6.48103e+06,0,0,35,31.6607,31.6607,0.00916732,0.0100911,0.743699,-6.77626e-21,0.000125934,0.785398,30,480,180,360,360
18454.3,0,0.5,0.8,0.9,-144.195,-0.98,2.58389,-141.824,-0.977279,2.66681,-141.929,-1.02898,31.4026,0,-12,0,-0.0124516,-11.9468,-0.00827819,-0,-3.14159,0.000692921,-1.57184,0,10709.2,14.5238,5.40796,-6.0155,462,195,462.665,360.895,6208.25,7.91592e+07,6.5801e+06,0,0,35,31.4026,31.4026,0.0102631,0.0118896,0.741891,0,0.000692921,0.785398,30,480,180,360,360
18822.3,2,0.5,0.8,0.9,-148.665,-0.986125,2.53935,-144.204,-0.97426,2.5302,-146.581,-0.969854,31.1072,0,-12,-0.098,-0.100495,-11.8646,0.0322839,0.00816649,-3.14159,-0.00272093,-1.57927,0,10640.9,14.6239,5.93844,-6.68453,448,194,433.942,373.215,272350,8.70385e+07,6.68892e+06,0,0,35,31.1072,31.1072,0.0110939,0.00951863,0.736302,6.50524e-19,-0.00272093,-1.5708,20,480,180,280,360
19230.3,2,0.5,0.8,0.9,-153.495,-1.09078,2.51785,-149.011,-1.0808,2.50087,-151.411,-1.06291,30.4073,0,-12,-0.42,-0.0942938,-11.9112,-0.0455778,0.0349857,-3.14159,0.00382632,-1.57871,0,10984.5,14.7142,3.4426,-3.67281,423,194,420.147,359.085,251960,9.46671e+07,6.80625e+06,0,0,35,30.4073,30.4073,0.0084903,0.0131013,0.741235,0,0.00382632,-1.5708,20,480,180,280,360
19630.3,2,0.5,0.8,0.9,-158.265,-1.32133,2.54136,-153.882,-1.2425,2.52839,-156.268,-1.25681,29.1035,0,-12,-0.738,-0.0517113,-11.9735,-0.164646,0.0614226,-3.14159,0.0137499,-1.57512,0,11141.2,14.7828,3.2248,-3.42295,388,198,358.869,354.184,239546,1.01924e+08,6.9432e+06,0,0,35,29.1035,29.1035,0.0116722,0.0267265,0.732489,0,0.0137499,-1.5708,20,480,180,280,360
20022.3,2,0.5,0.8,0.9,-163.005,-1.67564,2.51473,-158.899,-1.51596,2.52443,-161.335,-1.55187,27.0493,0,-12,-1.054,-0.0484837,-12.148,-0.321586,0.0876085,-3.14159,0.026466,-1.57479,0,11205.4,14.8349,3.30525,-3.51247,369,190,374.563,357.451,187756,1.08772e+08,7.07299e+06,0,0,35,27.0493,27.0493,0.0120174,0.0398659,0.73102,-1.73533e-18,0.026466,-1.5708,20,480,180,280,360
20430.3,2,0.5,0.8,0.9,-167.895,-2.17197,2.51473,-163.607,-1.83282,2.52758,-165.967,-1.89664,24.654,0,-12,-1.38,-0.0422744,-12.02,-0.470955,0.114497,-3.14159,0.0391607,-1.57431,0,11231.7,14.8748,3.22501,-3.4215,377,173,375.411,347.962,148378,1.14841e+08,7.20313e+06,0,0,35,24.654,24.654,0.0122349,0.0529037,0.727368,0,0.0391607,-1.5708,20,480,180,280,360
20830.3,2,0.5,0.8,0.9,-172.725,-2.79263,2.65221,-168.1,-2.28121,2.63972,-170.502,-2.38163,22.5251,0,-12,-1.702,0.0484608,-11.8323,-0.673065,0.140894,-3.14159,0.0568218,-1.5667,0,11242.5,14.9048,3.14423,-3.33052,395,142,408.297,344.602,119922,1.20203e+08,7.32575e+06,0,0,35,22.5251,22.5251,0.0100083,0.0679683,0.731619,0,0.0568218,-1.5708,20,480,180,280,360
21230.3,2,0.5,0.8,0.9,-177.495,-3.53255,2.59474,-173.164,-2.9154,2.61126,-175.574,-3.05885,21.1865,0,-12,-2.002,0.0126151,-12.0483,-0.95097,0.165311,-3.14159,0.0787662,-1.56975,0,11246.9,14.9277,3.0141,-3.18481,413,126,414.471,343.149,100368,1.25504e+08,7.43625e+06,0,0,35,21.1865,21.1865,0.00613397,0.0857612,0.719903,-6.96047e-18,0.0787662,-1.5708,20,480,180,280,360
21630.3,2,0.5,0.8,0.9,-182.295,-4.33335,2.47467,-177.896,-3.69091,2.47184,-180.51,-3.91387,20.5494,0,-12,-2.002,-0.0851773,-11.9219,-1.25616,0.165311,-3.14159,0.104976,-1.57794,0,11248.7,14.9451,2.87071,-3.02512,416,115,428.644,321.964,96746.4,1.28798e+08,7.54492e+06,0,0,35,20.5494,20.5494,0.000994011,0.106175,0.692271,-2.09319e-17,0.104976,-1.5708,20,480,180,280,360
22062.3,2,0.5,0.8,0.9,-187.515,-5.20422,2.38257,-184.992,-4.81667,2.31348,-185.148,-4.90795,20.1967,0,-12,-2.002,-0.17552,-12.0298,-1.61291,0.165311,-3.14159,0.133268,-1.58539,0,11249.5,14.9582,2.75583,-2.89781,490,115,508.941,297.363,92646.3,1.34025e+08,7.65125e+06,0,0,35,20.1967,20.1967,-0.00492092,0.127321,0.691321,0,0.133268,-1.5708,20,480,180,280,360
22430.3,2,0.5,0.8,0.9,-191.895,-5.93495,2.54137,-187.379,-5.46744,2.49719,-189.65,-5.73066,19.5972,0,-12,-2.002,0.00155944,-11.8942,-1.75789,0.165311,-3.14159,0.146731,-1.57067,0,11249.8,14.968,2.75897,-2.90128,493,101,429.211,338.829,92050.3,1.38664e+08,7.75771e+06,0,0,35,19.5972,19.5972,-0.0174312,0.123048,0.634369,1.40285e-17,0.146731,-1.5708,20,480,180,280,360
22822.3,2,0.5,0.8,0.9,-196.665,-6.73074,2.54903,-191.87,-6.08398,2.57475,-194.25,-6.41957,19.3093,0,-12,-2.002,0.0438974,-11.7191,-1.74511,0.165311,-3.14159,0.147825,-1.56705,0,11249.9,14.9757,2.75905,-2.90137,496,151,544.154,359.654,102542,1.43601e+08,7.8737e+06,0,0,35,19.3093,19.3093,-0.0169498,0.125118,0.641125,0,0.147825,-1.5708,20,480,180,280,360
23230.3,2,0.5,0.8,0.9,-201.495,-7.53655,2.77236,-196.677,-7.02482,2.76112,-199.013,-7.40232,19.3763,0,-12,-2.002,0.16883,-11.7748,-1.93001,0.165311,-3.14159,0.162449,-1.55646,0,11250,14.9816,2.83892,-2.98982,559,147,473.359,343.046,86421.4,1.48702e+08,7.9773e+06,0,0,35,19.3763,19.3763,-0.0163486,0.137118,0.573011,-2.81259e-17,0.162449,-1.5708,20,480,180,280,360
23630.3,2,0.5,0.8,0.9,-206.265,-8.33235,2.63342,-201.311,-7.83013,2.67159,-203.7,-8.24888,19.3517,0,-12,-2.002,0.0585543,-11.7446,-1.96793,0.165311,-3.14159,0.166015,-1.56581,0,11250,14.986,2.73772,-2.87778,528,153,520.587,357.065,100268,1.53864e+08,8.09365e+06,0,0,35,19.3517,19.3517,-0.0195636,0.133594,0.54275,1.40713e-17,0.166015,-1.5708,20,480,180,280,360
24038.3,2,0.5,0.8,0.9,-211.185,-9.15316,2.58713,-205.971,-8.71427,2.59158,-208.314,-9.10324,19.4025,0,-12,-2.002,-0.00983452,-11.6891,-2.01623,0.165311,-3.14159,0.170807,-1.57164,0,11250,14.9893,2.83808,-2.98888,528,161,462.265,358.511,76389.4,1.59039e+08,8.19183e+06,0,0,35,19.4025,19.4025,-0.0161962,0.139634,0.479018,0,0.170807,-1.5708,20,480,180,280,360
24438.3,2,0.5,0.8,0.9,-216.045,-9.96397,2.42174,-210.775,-9.57537,2.43527,-213.072,-9.94871,19.8472,0,-12,-2.002,-0.121426,-11.7628,-2.05554,0.165311,-3.14159,0.172993,-1.58112,0,11250,14.9919,2.65978,-2.79179,494,167,488.615,356.015,77513.5,1.6446e+08,8.29186e+06,0,0,35,19.8472,19.8472,-0.0164644,0.138578,0.44606,0,0.172993,-1.5708,20,480,180,280,360
24838.3,2,0.5,0.8,0.9,-220.815,-10.7598,2.46119,-215.283,-10.173,2.44117,-217.636,-10.5809,19.7297,0,-12,-2.002,-0.0856059,-11.6655,-1.92571,0.165311,-3.14159,0.163598,-1.57813,0,11250,14.9938,2.69789,-2.8338,500,189,461.265,379.25,72888.1,1.69782e+08,8.3896e+06,0,0,35,19.7297,19.7297,-0.0126598,0.13444,0.409512,0,0.163598,-1.5708,20,480,180,280,360
25238.3,2,0.5,0.8,0.9,-225.585,-11.5556,2.42711,-219.918,-10.9191,2.41583,-222.259,-11.303,19.8906,0,-12,-2.002,-0.0818821,-11.6324,-1.89302,0.165311,-3.14159,0.161318,-1.57784,0,11250,14.9953,2.65512,-2.78665,490,197,467.189,376.663,71982.4,1.75143e+08,8.48753e+06,0,0,35,19.8906,19.8906,-0.00873533,0.139447,0.37993,0,0.161318,-1.5708,20,480,180,280,360
25638.3,2,0.5,0.8,0.9,-230.385,-12.3564,2.35013,-224.765,-11.7278,2.32668,-227.128,-12.1114,20.2173,0,-12,-2.002,-0.117872,-11.7667,-1.92632,0.165311,-3.14159,0.162262,-1.58081,0,11250,14.9964,2.64427,-2.77471,499,189,476.103,364.248,73286.7,1.8075e+08,8.58686e+06,0,0,35,20.2173,20.2173,-0.00518021,0.148121,0.351127,0,0.162262,-1.5708,20,480,180,280,360
26038.3,2,0.5,0.8,0.9,-235.185,-13.1572,2.21648,-229.549,-12.6026,2.18654,-231.918,-12.981,20.4222,0,-12,-2.002,-0.179406,-11.8174,-1.99753,0.165311,-3.14159,0.167432,-1.58598,0,11250,14.9973,2.6842,-2.81871,500,178,475.128,355.75,70805.2,1.86496e+08,8.68531e+06,0,0,35,20.4222,20.4222,-0.00433375,0.154158,0.315571,0,0.167432,-1.5708,20,480,180,280,360
26446.3,2,0.5,0.8,0.9,-240.075,-13.973,2.09664,-234.222,-13.3642,2.06263,-236.563,-13.7583,20.6798,0,-12,-2.002,-0.216173,-11.77,-1.98478,0.165311,-3.14159,0.167031,-1.58916,0,11250,14.9979,2.66566,-2.79827,491,178,467.416,355.79,67872.2,1.92301e+08,8.78267e+06,0,0,35,20.6798,20.6798,-0.0040547,0.152863,0.278721,2.81473e-17,0.167031,-1.5708,20,480,180,280,360
26838.3,2,0.5,0.8,0.9,-244.815,-14.7638,1.96625,-238.786,-14.1887,1.91922,-241.119,-14.5795,20.7227,0,-12,-2.002,-0.254107,-11.6805,-2.00712,0.165311,-3.14159,0.170133,-1.59255,0,11250,14.9984,2.6397,-2.76967,482,176,474.334,355.071,66624.4,1.97952e+08,8.8799e+06,0,0,35,20.7227,20.7227,-0.00336446,0.156823,0.247569,-1.40811e-17,0.170133,-1.5708,20,480,180,280,360
27230.3,2,0.5,0.8,0.9,-249.525,-15.5496,1.81362,-243.648,-15.0039,1.76682,-245.99,-15.4021,21.1094,0,-12,-2.002,-0.290479,-11.8,-2.01949,0.165311,-3.14159,0.16945,-1.59541,0,11250,14.9988,2.6491,-2.78003,486,184,482.487,359.387,68186.3,2.01424e+08,8.97744e+06,0,0,35,21.1094,21.1094,-0.00459252,0.148961,0.220467,-1.40794e-17,0.16945,-1.5708,20,480,180,280,360
27638.3,2,0.5,0.8,0.9,-254.415,-16.3654,1.75246,-248.36,-15.7325,1.68996,-250.716,-16.1419,21.4009,0,-12,-2.002,-0.261509,-11.8059,-1.97031,0.165311,-3.14159,0.165328,-1.59294,0,11250,14.9991,2.6348,-2.76429,501,190,503.628,348.335,78069.3,2.07553e+08,9.07805e+06,0,0,35,21.4009,21.4009,-0.00454922,0.143582,0.20619,1.40696e-17,0.165328,-1.5708,20,480,180,280,360
28038.3,2,0.5,0.8,0.9,-259.155,-17.1562,1.80076,-253.097,-16.5318,1.75139,-255.444,-16.9177,21.8642,0,-12,-2.002,-0.148183,-11.8188,-1.96555,0.165311,-3.14159,0.164786,-1.58333,0,11250,14.9993,2.76401,-2.90685,509,180,473.412,363.261,68575.3,2.13812e+08,9.17602e+06,0,0,35,21.8642,21.8642,-0.00523484,0.134453,0.170844,0,0.164786,-1.5708,20,480,180,280,360
28430.3,2,0.5,0.8,0.9,-263.895,-17.9469,1.68961,-257.747,-17.2905,1.66137,-260.012,-17.6745,21.572,0,-12,-2.002,-0.170162,-11.7689,-1.95307,0.165311,-3.14159,0.164436,-1.58525,0,11250,14.9995,2.66963,-2.80265,501,188,498.521,361.394,71616,2.19531e+08,9.27839e+06,0,0,35,21.572,21.572,-0.00329809,0.141428,0.14235,0,0.164436,-1.5708,20,480,180,280,360
28838.3,2,0.5,0.8,0.9,-268.815,-18.7678,1.58652,-262.657,-18.0632,1.55781,-264.993,-18.449,21.9667,0,-12,-2.002,-0.195971,-11.8997,-1.93967,0.165311,-3.14159,0.161559,-1.58726,0,11250,14.9996,2.75074,-2.89217,524,190,503.095,362.516,77346.3,2.2597e+08,9.38382e+06,0,0,35,21.9667,21.9667,-0.00205929,0.142379,0.106945,2.81218e-17,0.161559,-1.5708,20,480,180,280,360
29230.3,2,0.5,0.8,0.9,-273.525,-19.5536,1.47412,-267.437,-18.9302,1.42665,-269.82,-19.3132,21.8455,0,-12,-2.002,-0.228995,-11.9452,-2.00279,0.165311,-3.14159,0.16609,-1.58996,0,11250,14.9997,2.82176,-2.97079,521,184,490.525,370.455,70029.4,2.32426e+08,9.48592e+06,0,0,35,21.8455,21.8455,-0.00112992,0.148715,0.0649342,1.40714e-17,0.16609,-1.5708,20,480,180,280,360
29638.3,2,0.5,0.8,0.9,-278.385,-20.3644,1.35469,-271.962,-19.7248,1.30796,-274.351,-20.1309,21.4734,0,-12,-2.002,-0.247313,-11.7742,-2.01196,0.165311,-3.14159,0.169207,-1.5918,0,11250,14.9998,2.76083,-2.90334,509,195,488.951,379.115,67588.2,2.3601e+08,9.58802e+06,0,0,35,21.4734,21.4734,-0.000408733,0.155106,0.0289763,1.40789e-17,0.169207,-1.5708,20,480,180,280,360
30038.3,2,0.5,0.8,0.9,-283.245,-21.1752,1.10215,-277.025,-20.5406,1.03356,-279.41,-20.961,21.4084,0,-12,-2.002,-0.360514,-12.0029,-2.02206,0.165311,-3.14159,0.166823,-1.60082,0,11250,14.9998,2.69228,-2.82761,499,191,483.162,353.159,67097.9,2.4236e+08,9.68599e+06,0,0,35,21.4084,21.4084,-2.97151e-05,0.168457,-0.0181806,0,0.166823,-1.5708,20,480,180,280,360
30438.3,2,0.5,0.8,0.9,-288.015,-21.971,0.992226,-281.698,-21.4011,0.918823,-284.088,-21.7813,21.7721,0,-12,-2.002,-0.339639,-11.9225,-2.03998,0.165311,-3.14159,0.169394,-1.59928,0,11250,14.9998,2.68156,-2.8158,495,184,500.059,376.11,61999.2,2.48754e+08,9.786e+06,0,0,35,21.7721,21.7721,0.000434599,0.159313,-0.0430815,-1.40793e-17,0.169394,-1.5708,20,480,180,280,360
30838.3,2,0.5,0.8,0.9,-292.785,-22.7668,0.754559,-286.648,-22.2745,0.686921,-289.026,-22.706,21.5555,0,-12,-2.002,-0.406045,-12.0417,-2.10529,0.165311,-3.14159,0.172987,-1.6045,0,11250,14.9999,2.69505,-2.83067,509,190,525.481,352.119,67170.9,2.55176e+08,9.89153e+06,0,0,35,21.5555,21.5555,0.000222123,0.170178,-0.078915,1.40881e-17,0.172987,-1.5708,20,480,180,280,360
31230.3,2,0.5,0.8,0.9,-297.465,-23.5475,0.63596,-291.462,-23.0345,0.547295,-293.904,-23.4904,21.3207,0,-12,-2.002,-0.387217,-12.0705,-2.05096,0.165311,-3.14159,0.168223,-1.60287,0,11250,14.9999,2.79984,-2.9465,533,182,542.534,372.968,77519.1,2.58854e+08,1.00075e+07,0,0,35,21.3207,21.3207,0.000751002,0.16155,-0.112066,2.8153e-17,0.168223,-1.5708,20,480,180,280,360
31638.3,2,0.5,0.8,0.9,-302.385,-24.3684,0.545087,-296.191,-23.7336,0.456738,-298.675,-24.2218,21.301,0,-12,-2.002,-0.338308,-12.0018,-1.95728,0.165311,-3.14159,0.161596,-1.59898,0,11250,14.9999,2.81779,-2.96639,532,192,500.023,358.138,65029.4,2.65082e+08,1.01091e+07,0,0,35,21.301,21.301,-0.00181001,0.172408,-0.165862,2.8122e-17,0.161596,-1.5708,20,480,180,280,360
32030.3,2,0.5,0.8,0.9,-307.095,-25.1542,0.317763,-301.307,-24.9002,0.250274,-303.731,-25.2598,21.7587,0,-12,-2.002,-0.387475,-12.1683,-2.14653,0.165311,-3.14159,0.17452,-1.60263,0,11250,14.9999,2.79487,-2.941,511,176,537.482,372.316,62243.4,2.68874e+08,1.02146e+07,0,0,35,21.7587,21.7587,0.00013676,0.173808,-0.189622,-1.40918e-17,0.17452,-1.5708,20,480,180,280,360
32438.3,2,0.5,0.8,0.9,-312.045,-25.98,0.269029,-306.064,-25.742,0.178521,-308.505,-26.1412,21.7663,0,-12,-2.002,-0.324644,-12.1013,-2.17476,0.165311,-3.14159,0.177752,-1.59762,0,11250,14.9999,2.74727,-2.88834,510,171,478.969,326.121,60502.3,2.75264e+08,1.03136e+07,0,0,35,21.7663,21.7663,-0.00375641,0.192584,-0.248033,1.41e-17,0.177752,-1.5708,20,480,180,280,360
32830.3,2,0.5,0.8,0.9,-316.635,-26.7457,-0.0351377,-310.884,-26.3288,-0.0904684,-313.271,-26.6962,22.0399,0,-12,-2.002,-0.424643,-12.064,-1.98546,0.165311,-3.14159,0.163016,-1.60598,0,11250,14.9999,2.69145,-2.8267,485,191,540.485,396.492,61667.5,2.81705e+08,1.04208e+07,0,0,35,22.0399,22.0399,0.00137403,0.15795,-0.264872,1.40642e-17,0.163016,-1.5708,20,480,180,280,360
33246.3,2,0.5,0.8,0.9,-321.675,-27.5866,-0.068427,-315.745,-27.1387,-0.145427,-318.165,-27.61,22.1869,0,-12,-2.002,-0.348638,-12.1085,-2.03723,0.165311,-3.14159,0.166619,-1.59958,0,11250,14.9999,2.7797,-2.9242,519,202,515.048,341.438,55072.9,2.88143e+08,1.05222e+07,0,0,35,22.1869,22.1869,-0.00391761,0.178887,-0.309066,-1.40727e-17,0.166619,-1.5708,20,480,180,280,360
33638.3,2,0.5,0.8,0.9,-326.355,-28.3674,-0.212129,-320.549,-27.9592,-0.275112,-323.031,-28.382,22.0783,0,-12,-2.002,-0.344693,-12.1008,-2.0016,0.165311,-3.14159,0.163861,-1.59927,0,11250,14.9999,2.75177,-2.89331,520,170,566.342,349.61,67391.2,2.94473e+08,1.06362e+07,0,0,35,22.0783,22.0783,-0.0011406,0.167115,-0.33717,-1.40662e-17,0.163861,-1.5708,20,480,180,280,360
34038.3,2,0.5,0.8,0.9,-331.125,-29.1632,-0.300609,-325.567,-28.9021,-0.388683,-328.007,-29.277,21.6319,0,-12,-2.002,-0.31989,-12.183,-2.07675,0.165311,-3.14159,0.168783,-1.59705,0,11250,14.9999,2.8898,-3.0463,551,159,566.175,342.605,72187.8,3.00694e+08,1.07575e+07,0,0,35,21.6319,21.6319,-0.00193769,0.173616,-0.381298,-4.22335e-17,0.168783,-1.5708,20,480,180,280,360
34430.3,2,0.5,0.8,0.9,-335.835,-29.9489,-0.459708,-330.511,-29.6672,-0.528291,-332.95,-30.0401,20.9249,0,-12,-2.002,-0.326023,-12.2302,-2.0477,0.165311,-3.14159,0.165834,-1.59745,0,11250,14.9999,2.94273,-3.10517,563,178,587.519,384.973,91489.4,3.06677e+08,1.09006e+07,0,0,35,20.9249,20.9249,0.000422051,0.164897,-0.423332,0,0.165834,-1.5708,20,480,180,280,360
34830.3,2,0.5,0.8,0.9,-340.665,-30.7547,-0.560183,-335.342,-30.2788,-0.622688,-337.772,-30.6733,20.4401,0,-12,-2.002,-0.302288,-12.1886,-1.92566,0.165311,-3.14159,0.156646,-1.59559,0,11250,14.9999,3.0344,-3.20743,581,211,588.151,406,89335.6,3.12388e+08,1.10442e+07,0,0,35,20.4401,20.4401,-0.00339338,0.163293,-0.472004,2.80996e-17,0.156646,-1.5708,20,480,180,280,360
35230.3,2,0.5,0.8,0.9,-345.375,-31.5405,-0.626529,-340.233,-31.059,-0.673209,-342.73,-31.5072,20.0415,0,-12,-2.002,-0.259422,-12.2211,-1.94342,0.165311,-3.14159,0.157666,-1.59202,0,11250,14.9999,3.01711,-3.18812,581,210,598.531,395.377,93533.3,3.15459e+08,1.11908e+07,0,0,35,20.0415,20.0415,-0.00790427,0.171709,-0.512659,0,0.157666,-1.5708,20,480,180,280,360
35646.3,2,0.5,0.8,0.9,-350.385,-32.3764,-0.645319,-345.327,-32.0121,-0.702327,-347.83,-32.4002,20.1124,0,-12,-2.002,-0.205784,-12.3433,-2.02348,0.165311,-3.14159,0.162466,-1.58747,0,11250,14.9999,2.94023,-3.10239,538,175,479.523,363.078,34269.5,3.21048e+08,1.1288e+07,0,0,35,20.1124,20.1124,-0.01683,0.187471,-0.592313,0,0.162466,-1.5708,20,480,180,280,360
36038.3,2,0.5,0.8,0.9,-355.095,-33.1621,-0.784845,-350.159,-32.9848,-0.79817,-352.473,-33.316,20.3547,0,-12,-2.002,-0.223951,-12.2251,-2.12485,0.165311,-3.14159,0.172063,-1.58911,0,11250,14.9999,2.61727,-2.745,480,166,548.234,372.251,41804.2,3.26144e+08,1.13937e+07,0,0,35,20.3547,20.3547,-0.00785007,0.184037,-0.580285,0,0.172063,-1.5708,20,480,180,280,360
36438.3,2,0.5,0.8,0.9,-359.895,-33.963,-0.690292,-355.145,-33.6255,-0.742995,-357.572,-34.0274,20.6022,0,-12,-2.002,-0.119489,-12.3093,-2.02731,0.165311,-3.14159,0.163225,-1.5805,0,11250,14.9999,2.74872,-2.88994,494,193,436.512,363.185,45765.6,3.31779e+08,1.1504e+07,0,0,35,20.6022,20.6022,-0.00590479,0.170842,-0.659467,0,0.163225,-1.5708,20,480,180,280,360
36838.3,2,0.5,0.8,0.9,-364.695,-34.7637,-0.867257,-359.942,-34.391,-0.86057,-362.268,-34.7917,20.3711,0,-12,-2.002,-0.176993,-12.2309,-2.00294,0.165311,-3.14159,0.162303,-1.58527,0,11250,14.9999,2.82586,-2.97533,449,178,546.682,359.198,40171,3.36728e+08,1.16112e+07,0,0,35,20.3711,20.3711,-0.00642168,0.170686,-0.653677,2.81252e-17,0.162303,-1.5708,20,480,180,280,360
37238.3,2,0.5,0.8,0.9,-369.525,-35.5696,-0.575584,-364.845,-35.4038,-0.624528,-367.247,-35.7574,20.1573,0,-12,-2.002,0.0415334,-12.2421,-2.12536,0.165311,-3.14159,0.171896,-1.5674,0,11250,14.9999,2.78554,-2.93067,526,155,482.096,349.916,30651.3,3.41947e+08,1.1712e+07,0,0,35,20.1573,20.1573,-0.00682478,0.179758,-0.714931,0,0.171896,-1.5708,20,480,180,280,360
37630.3,2,0.5,0.8,0.9,-374.265,-36.3603,-0.780743,-369.752,-36.1013,-0.7651,-372.172,-36.4771,19.9488,0,-12,-2.002,-0.0701177,-12.2733,-2.05569,0.165311,-3.14159,0.16595,-1.57651,0,11250,14.9999,2.70718,-2.84406,495,175,565.282,378.793,55419.8,3.47022e+08,1.18362e+07,0,0,35,19.9488,19.9488,-0.0016787,0.167783,-0.741353,-4.22133e-17,0.16595,-1.5708,20,480,180,280,360
38030.3,2,0.5,0.8,0.9,-379.065,-37.1611,-0.649901,-374.63,-36.7075,-0.662078,-377.043,-37.1183,19.7857,0,-12,-2.002,0.0196241,-12.2641,-1.93079,0.165311,-3.14159,0.156153,-1.5692,0,11250,14.9999,2.88008,-3.0355,565,206,535.851,394.346,49054.9,3.51913e+08,1.19562e+07,0,0,35,19.7857,19.7857,-0.00673719,0.162751,-0.7958,-1.40487e-17,0.156153,-1.5708,20,480,180,280,360
38430.3,2,0.5,0.8,0.9,-383.805,-37.9519,-0.767288,-379.503,-37.4537,-0.772909,-381.962,-37.8998,19.2456,0,-12,-2.002,-0.0583455,-12.2705,-1.91225,0.165311,-3.14159,0.154595,-1.57555,0,11250,14.9999,2.85957,-3.01273,563,212,571.425,403.006,82626.5,3.54335e+08,1.21062e+07,0,0,35,19.2456,19.2456,-0.0120726,0.165386,-0.841369,0,0.154595,-1.5708,20,480,180,280,360
38838.3,2.5,0.5,0.8,0.9,-388.695,-38.7606,-0.735199,-384.525,-38.1702,-0.753437,-387.001,-38.5737,18.9873,0,-12,-1.896,-0.0260745,-12.352,-1.84072,0.156705,-3.14159,0.147933,-1.57291,0,11250,14.9999,2.91648,-3.07596,544,205,440.721,399.263,19063.4,3.58803e+08,1.22055e+07,0,0,35,18.9873,18.9873,-0.0271674,0.167418,-0.948476,2.80621e-17,0.147933,-1.5708,20,480,180,280,360
39230.3,2.5,0.5,0.8,0.9,-393.405,-39.4428,-0.91808,-389.314,-39.0149,-0.910829,-391.651,-39.3449,18.9012,0,-12,-1.582,-0.131355,-12.3002,-1.89289,0.131077,-3.14159,0.152684,-1.58147,0,11250,14.9999,2.65388,-2.78528,476,209,557.997,422.677,51840.4,3.62792e+08,1.23334e+07,0,0,35,18.9012,18.9012,-0.0203877,0.168241,-0.918912,1.40411e-17,0.152684,-1.5708,20,480,180,280,360
39630.3,2.5,0.5,0.8,0.9,-398.265,-40.0175,-0.69978,-394.014,-39.6471,-0.746021,-396.517,-40.0526,18.9082,0,-12,-1.258,0.0287838,-12.1094,-1.82733,0.104452,-3.14159,0.149771,-1.56842,0,11250,14.9999,2.83091,-2.98093,489,218,341.056,389.593,63610.9,3.66947e+08,1.24731e+07,0,0,35,18.9082,18.9082,-0.0336471,0.169785,-1.03405,0,0.149771,-1.5708,20,480,180,280,360
40030.3,2.5,0.5,0.8,0.9,-403.065,-40.4563,-0.829001,-399.058,-40.3415,-0.815498,-401.451,-40.6857,18.9446,0,-12,-0.938,-0.0302425,-12.1833,-1.76867,0.078008,-3.14159,0.144165,-1.57328,0,11250,14.9999,2.91441,-3.07366,393,197,453.321,406.961,16152.5,3.71105e+08,1.25741e+07,0,0,35,18.9446,18.9446,-0.0321054,0.164242,-1.0118,-2.80465e-17,0.144165,-1.5708,20,480,180,280,360
40438.3,2.5,0.5,0.8,0.9,-407.895,-40.7686,-0.811949,-403.538,-40.7182,-0.831064,-405.987,-41.071,18.6453,0,-12,-0.616,-0.0272161,-11.9461,-1.54688,0.0512883,-3.14159,0.128771,-1.57307,0,11250,14.9999,2.65907,-2.79101,447,236,393.213,422.746,26540.6,3.74903e+08,1.26829e+07,0,0,35,18.6453,18.6453,-0.0386707,0.149913,-1.07032,4.19809e-17,0.128771,-1.5708,20,480,180,280,360
40838.3,2.5,0.5,0.8,0.9,-412.665,-40.9499,-0.989941,-408.596,-40.9806,-0.990095,-411.009,-41.2971,18.3456,0,-12,-0.298,-0.132054,-12.0934,-1.27099,0.0248282,-3.14159,0.104707,-1.58172,0,11250,14.9999,2.69712,-2.83295,445,240,496.702,406.887,23260.8,3.76827e+08,1.27878e+07,0,0,35,18.3456,18.3456,-0.0546622,0.133468,-1.08612,-6.97711e-18,0.104707,-1.5708,20,480,180,280,360
41310.3,2.5,0.5,0.8,0.9,-418.395,-41.005,-0.987419,-415.668,-41.1983,-1.0091,-415.544,-41.4148,18.0099,0,-12,1.25361e-16,-0.103434,-11.9034,-1.00693,-1.04467e-17,-3.14159,0.0843883,-1.57949,0,11250,14.9999,2.68774,-2.82261,442,239,362.46,417.004,22352.1,3.80139e+08,1.28944e+07,0,0,35,18.0099,18.0099,-0.0731757,0.112827,-1.19973,1.39273e-17,0.0843883,-1.5708,20,480,180,280,360
41726.3,2.5,0.5,0.8,0.9,-423.405,-41.005,-1.07929,-420.634,-41.2803,-1.1021,-420.847,-41.4235,17.9782,0,-12,1.25361e-16,-0.143231,-12.2871,-0.740308,-1.04467e-17,-3.14159,0.0601741,-1.58245,0,11250,14.9999,2.72154,-2.85992,516,252,542.843,441.953,31081.2,3.83624e+08,1.30109e+07,0,0,35,17.9782,17.9782,-0.0811729,0.0926056,-1.19019,0,0.0601741,-1.5708,20,480,180,280,360
42118.3,2.5,0.5,0.8,0.9,-428.055,-41.005,-1.0459,-425.433,-41.2976,-1.04835,-425.602,-41.4015,18.0657,0,-12,1.25361e-16,-0.064361,-12.1909,-0.521948,-1.04467e-17,-3.14159,0.0427879,-1.57608,0,11250,14.9999,2.77307,-2.91687,566,258,490.839,450.543,47108.5,3.86899e+08,1.3143e+07,0,0,35,18.0657,18.0657,-0.0943301,0.0760574,-1.23114,-3.47263e-18,0.0427879,-1.5708,20,480,180,280,360
42446.3,2.5,0.5,0.8,0.9,-431.985,-41.005,-1.12378,-428.052,-41.3488,-1.1306,-430.453,-41.4448,18.0449,0,-12,1.25361e-16,-0.105866,-12.189,-0.411223,-1.04467e-17,-3.14159,0.0337231,-1.57948,0,11250,14.9999,2.86041,-3.01366,562,238,546.362,412.492,86764.2,3.89947e+08,1.33142e+07,0,0,35,18.0449,18.0449,-0.117039,0.0686267,-1.28023,6.94284e-18,0.0337231,-1.5708,20,480,180,280,360
42934.3,2.5,0.5,0.8,0.9,-437.835,-41.005,-1.29107,-435.141,-41.3559,-1.21714,-435.171,-41.4345,18.0526,0,-12,1.25361e-16,-0.137073,-12.1049,-0.296953,-1.04467e-17,-3.14159,0.0245251,-1.58212,0,11250,14.9999,3.05903,-3.23495,598,211,521.144,410.754,80083.7,3.92745e+08,1.34793e+07,0,0,35,18.0526,18.0526,-0.120065,0.051149,-1.35202,0,0.0245251,-1.5708,20,480,180,280,360
43278.3,2.5,0.5,0.8,0.9,-442.005,-41.005,-1.4387,-440.174,-41.2707,-1.40393,-439.838,-41.3342,17.8866,0,-12,1.25361e-16,-0.226219,-11.9771,-0.144505,-1.04467e-17,-3.14159,0.0120624,-1.58968,0,11250,14.9999,3.07445,-3.25221,573,200,513.691,404.721,90052.4,3.95277e+08,1.36545e+07,0,0,35,17.8866,17.8866,-0.12091,0.0302789,-1.42088,0,0.0120624,-1.5708,20,480,180,280,360
43726.3,2.5,0.5,0.8,0.9,-447.345,-41.005,-1.48386,-444.742,-41.2832,-1.53159,-445.041,-41.2623,17.8187,0,-12,1.25361e-16,-0.249989,-12.2455,-0.0559567,-1.04467e-17,-3.14159,0.00456859,-1.59121,0,11250,14.9999,3.09669,-3.27711,545,178,469.472,390.747,28029.1,3.97935e+08,1.37693e+07,0,0,35,17.8187,17.8187,-0.124433,0.0169795,-1.47113,-4.33685e-19,0.00456859,-1.5708,20,480,180,280,360
44054.3,2.5,0.5,0.8,0.9,-451.305,-41.005,-1.50977,-449.937,-41.2389,-1.54299,-449.661,-41.2634,17.8124,0,-12,1.25361e-16,-0.189926,-12.0718,-0.0383621,-1.04467e-17,-3.14159,0.00317742,-1.58653,0,11250,14.9999,2.8865,-3.04263,528,157,465.393,359.333,36158.5,4.00415e+08,1.38932e+07,0,0,35,17.8124,17.8124,-0.125973,0.0134508,-1.48921,0,0.00317742,-1.5708,20,480,180,280,360
44534.3,2.5,0.5,0.8,0.9,-457.065,-41.005,-1.44102,-454.633,-41.1685,-1.52327,-454.67,-41.2025,17.9679,0,-12,1.25361e-16,-0.123271,-12.1765,0.0149324,-1.04467e-17,-3.14159,-0.00122626,-1.58092,0,11250,14.9999,2.93307,-3.09442,511,159,446.982,358.237,21251.6,4.02954e+08,1.40033e+07,0,0,35,17.9679,17.9679,-0.122402,0.00643715,-1.50811,2.16841e-19,-0.00122626,-1.5708,20,480,180,280,360
44870.3,2.5,0.5,0.8,0.9,-461.115,-41.005,-1.4085,-459.597,-41.0616,-1.43464,-459.712,-41.0507,18.2415,0,-12,1.25361e-16,-0.0305274,-12.2231,0.118407,-1.04467e-17,-3.14159,-0.00968683,-1.57329,0,11250,14.9999,2.81411,-2.9623,490,158,428.919,355.815,8052.13,4.04235e+08,1.41019e+07,0,0,35,18.2415,18.2415,-0.118685,-0.00342709,-1.51798,0,-0.00968683,-1.5708,20,480,180,280,360
45342.3,2.5,0.5,0.8,0.9,-466.785,-41.005,-1.38349,-464.313,-41.1101,-1.40215,-464.181,-41.0747,18.4411,0,-12,1.25361e-16,-0.000844646,-12.1336,0.0697327,-1.04467e-17,-3.14159,-0.00574702,-1.57087,0,11150.5,14.9965,2.41937,-2.52912,408,159,310.693,349.193,15788.3,4.06498e+08,1.42085e+07,0,0,35,18.4411,18.4411,-0.115535,-0.00532668,-1.56715,0,-0.00574702,-1.5708,20,480,180,280,360
45702.3,2.5,0.5,0.8,0.9,-471.075,-41.005,-1.37076,-469.07,-41.1342,-1.34621,-468.995,-41.1623,18.6341,0,-12,1.25361e-16,0.0385962,-12.045,-0.0116443,-1.04467e-17,-3.14159,0.000966735,-1.56759,0,11168.2,14.9962,2.7366,-2.87763,386,178,358.543,362.634,18231.7,4.08786e+08,1.43201e+07,0,0,35,18.6341,18.6341,-0.0954404,0.00312834,-1.54812,0,0.000966735,-1.5708,20,480,180,280,360
46150.3,2.5,0.5,0.8,0.9,-476.475,-41.005,-1.42487,-473.899,-41.0325,-1.40293,-473.96,-41.0532,18.7428,0,-12,1.25361e-16,-0.0118442,-12.0845,0.0686489,-1.04467e-17,-3.14159,-0.0056807,-1.57178,0,11215.7,14.9971,2.82828,-2.9785,407,164,353.246,353.977,33047.2,4.11471e+08,1.44465e+07,0,0,35,18.7428,18.7428,-0.0850532,-0.00223978,-1.53031,0,-0.0056807,-1.5708,20,480,180,280,360
46470.3,2.5,0.5,0.8,0.9,-480.285,-41.005,-1.49474,-478.707,-41.0181,-1.46124,-478.729,-41.0019,18.8754,0,-12,1.25361e-16,-0.0488315,-12.0431,0.084046,-1.04467e-17,-3.14159,-0.00697858,-1.57485,0,11236.5,14.9978,2.93391,-3.09557,446,167,411.817,363.865,8979.34,4.14133e+08,1.45496e+07,0,0,35,18.8754,18.8754,-0.0807786,-0.00189767,-1.50791,4.33691e-19,-0.00697858,-1.5708,20,480,180,280,360
46862.3,2.5,0.5,0.8,0.9,-484.995,-41.005,-1.53429,-483.37,-41.0027,-1.52634,-483.467,-41.0117,19.0137,0,-12,1.25361e-16,-0.0788577,-11.9872,0.0539415,-1.04467e-17,-3.14159,-0.00449981,-1.57737,0,11244.3,14.9983,2.75684,-2.89899,483,169,427.73,358.847,4687.64,4.16711e+08,1.46483e+07,0,0,35,19.0137,19.0137,-0.0781471,0.00103328,-1.50004,-4.33685e-19,-0.00449981,-1.5708,20,480,180,280,360
47366.3,2.5,0.5,0.8,0.9,-491.085,-41.005,-1.56668,-488.248,-41.0619,-1.56806,-488.234,-40.9977,19.164,0,-12,1.25361e-16,-0.0855172,-11.9766,0.0475206,-1.04467e-17,-3.14159,-0.00396766,-1.57794,0,11166.1,14.9953,2.64075,-2.77186,495,160,440.82,352.019,9548.64,4.19232e+08,1.47522e+07,0,0,35,19.164,19.164,-0.0753906,0.000635216,-1.50976,0,-0.00396766,-1.5708,20,480,180,280,360
47766.3,2.5,0.5,0.8,0.9,-495.855,-41.005,-1.58504,-492.944,-40.986,-1.59442,-492.899,-41.0116,19.2692,0,-12,1.25361e-16,-0.0799171,-11.8838,0.0296883,-1.04467e-17,-3.14159,-0.00249816,-1.57752,0,11174.3,14.9949,2.74369,-2.88539,489,157,423.445,340.429,8741.1,4.21677e+08,1.48561e+07,0,0,35,19.2692,19.2692,-0.072138,0.00102689,-1.52193,2.16841e-19,-0.00249816,-1.5708,20,480,180,280,360
48078.3,2.5,0.5,0.8,0.9,-499.605,-41.005,-1.6015,-497.877,-40.975,-1.60692,-497.635,-40.9704,19.3297,0,-12,1.25361e-16,-0.0666185,-11.8668,0.0486726,-1.04467e-17,-3.14159,-0.00410148,-1.57641,0,11218,14.9961,2.6414,-2.77193,474,157,416.735,342.045,8780.32,4.24079e+08,1.49601e+07,0,0,35,19.3297,19.3297,-0.0663719,-0.00166032,-1.53401,-4.33685e-19,-0.00410148,-1.5708,20,480,180,280,360
48494.3,2.5,0.5,0.8,0.9,-504.585,-41.005,-1.60355,-502.705,-40.9389,-1.61572,-502.56,-40.9578,19.377,0,-12,1.25361e-16,-0.0542143,-11.9917,0.0441029,-1.04467e-17,-3.14159,-0.00367773,-1.57532,0,11236.2,14.9969,2.71447,-2.85229,450,166,396.577,350.465,2769.41,4.26533e+08,1.50581e+07,0,0,35,19.377,19.377,-0.0606508,-0.00212199,-1.54514,0,-0.00367773,-1.5708,20,480,180,280,360
48902.3,2.5,0.5,0.8,0.9,-509.475,-41.005,-1.60461,-507.558,-40.9213,-1.60882,-507.511,-40.8898,19.4269,0,-12,1.25361e-16,-0.0344533,-12.0773,0.0790581,-1.04467e-17,-3.14159,-0.00654591,-1.57365,0,11237.1,14.9969,2.10621,-2.18824,427,171,387.594,348.244,4251.07,4.29129e+08,1.51578e+07,0,0,35,19.4269,19.4269,-0.0560219,-0.00524048,-1.54749,-4.3369e-19,-0.00654591,-1.5708,20,480,180,280,360
49254.3,2.5,0.5,0.8,0.9,-513.735,-41.005,-1.60729,-512.301,-40.9263,-1.61244,-512.252,-40.8981,19.4519,0,-12,1.25361e-16,-0.0274391,-12.0068,0.0529652,-1.04467e-17,-3.14159,-0.00441123,-1.57308,0,11241.4,14.9975,2.26655,-2.36179,434,170,380.393,349.366,4867.88,4.31713e+08,1.52584e+07,0,0,35,19.4519,19.4519,-0.0543375,-0.00273337,-1.53991,-4.33685e-19,-0.00441123,-1.5708,20,480,180,280,360
49726.3,2.5,0.5,0.8,0.9,-519.375,-41.005,-1.60374,-517.117,-40.964,-1.60816,-516.901,-40.9394,19.4631,0,-12,1.25361e-16,-0.0168024,-11.8898,0.0100461,-1.04467e-17,-3.14159,-0.000844937,-1.57221,0,9881.18,14.9579,2.64765,-2.79757,440,169,398.087,354.94,1692.32,4.34199e+08,1.53558e+07,0,0,35,19.4631,19.4631,-0.0514376,0.00110398,-1.53291,0,-0.000844937,-1.5708,20,480,180,280,360
50110.3,2.5,0.5,0.8,0.9,-523.995,-41.005,-1.60703,-521.888,-41.0614,-1.61151,-521.737,-40.9705,19.5282,0,-12,1.25361e-16,-0.014764,-11.9275,-0.013178,-1.04467e-17,-3.14159,0.00110484,-1.57203,0,10216.4,14.9562,2.36745,-2.4825,438,159,385.341,346.198,4684.49,4.36753e+08,1.54563e+07,0,0,35,19.5282,19.5282,-0.0481447,0.00282492,-1.53507,2.16841e-19,0.00110484,-1.5708,20,480,180,280,360
50486.3,2.5,0.5,0.8,0.9,-528.525,-41.005,-1.60161,-526.598,-41.0636,-1.60666,-526.825,-41.0381,19.5931,0,-12,1.25361e-16,-0.00716951,-12.0035,-0.0487897,-1.04467e-17,-3.14159,0.00406461,-1.57139,0,10807.4,14.9668,2.67652,-2.816,443,162,390.98,347.77,6670.29,4.38069e+08,1.55591e+07,0,0,35,19.5931,19.5931,-0.0444968,0.00589832,-1.5296,4.33684e-19,0.00406461,-1.5708,20,480,180,280,360
50862.3,2.5,0.5,0.8,0.9,-533.025,-41.005,-1.57289,-531.407,-41.1127,-1.60509,-531.561,-41.0672,19.6444,0,-12,1.25361e-16,-0.0045414,-12.0997,-0.0535854,-1.04467e-17,-3.14159,0.00442863,-1.57117,0,11058.9,14.9742,2.5649,-2.68966,392,165,325.315,351.918,44847.1,4.39287e+08,1.56994e+07,0,0,35,19.6444,19.6444,-0.0399818,0.00480892,-1.56128,0,0.00442863,-1.5708,20,480,180,280,360
51278.3,2.5,0.5,0.8,0.9,-538.005,-41.005,-1.55887,-536.16,-40.9848,-1.56495,-536.318,-41.0257,19.7397,0,-12,1.25361e-16,0.0229979,-12.054,-0.003103,-1.04467e-17,-3.14159,0.000257425,-1.56889,0,11170.3,14.9802,2.93367,-3.09631,367,184,317.701,369.55,52658.8,4.42025e+08,1.58468e+07,0,0,35,19.7397,19.7397,-0.0371213,0.00113889,-1.54705,0,0.000257425,-1.5708,20,480,180,280,360
51838.3,2.5,0.5,0.8,0.9,-544.755,-41.005,-1.56886,-541.117,-40.9065,-1.556,-541.045,-40.9059,19.8198,0,-12,1.25361e-16,0.0222212,-12.0008,0.0813804,-1.04467e-17,-3.14159,-0.00678112,-1.56894,0,11217.6,14.9848,3.03395,-3.20745,448,186,503.521,379.596,3767.95,4.43309e+08,1.59464e+07,0,0,35,19.8198,19.8198,-0.0370382,-0.0031534,-1.47314,0,-0.00678112,-1.5708,20,480,180,280,360
52070.3,2.5,0.5,0.8,0.9,-547.485,-41.005,-1.53969,-545.684,-40.8883,-1.56669,-545.941,-40.9047,19.8917,0,-12,1.25361e-16,0.00917343,-12.064,0.0585359,-1.04467e-17,-3.14159,-0.00485208,-1.57004,0,11239.9,14.9884,2.68685,-2.82175,533,194,456.991,379.551,6171.94,4.46156e+08,1.60468e+07,0,0,35,19.8917,19.8917,-0.0386702,-5.66028e-05,-1.44738,0,-0.00485208,-1.5708,20,480,180,280,360
52470.3,2.5,0.5,0.8,0.9,-552.345,-41.005,-1.54617,-550.839,-40.9277,-1.55529,-550.615,-40.8571,19.9938,0,-12,1.25361e-16,0.0121903,-11.9781,0.0746014,-1.04467e-17,-3.14159,-0.00622805,-1.56978,0,11057.8,14.9782,2.70132,-2.84009,594,174,569.938,367.162,73697.5,4.48876e+08,1.6215e+07,0,0,35,19.9938,19.9938,-0.0423086,0.000363829,-1.41619,0,-0.00622805,-1.5708,20,480,180,280,360
52942.3,2.5,0.5,0.8,0.9,-557.925,-41.005,-1.54222,-555.275,-40.9337,-1.51414,-555.403,-40.9224,20.1465,0,-12,1.25361e-16,0.0378009,-11.9542,0.0119929,-1.04467e-17,-3.14159,-0.00100323,-1.56763,0,11138,14.9815,3.10296,-3.28606,615,171,550.111,365.037,96641.8,4.51497e+08,1.64063e+07,0,0,35,20.1465,20.1465,-0.0439868,0.00466648,-1.44257,0,-0.00100323,-1.5708,20,480,180,280,360
53278.3,2.5,0.5,0.8,0.9,-562.035,-41.005,-1.59165,-560.297,-40.9504,-1.57013,-560.269,-40.9275,20.1838,0,-12,1.25361e-16,-0.0117275,-11.9658,0.00570846,-1.04467e-17,-3.14159,-0.000477065,-1.57178,0,11207.1,14.986,3.2063,-3.4009,591,160,534.387,358.024,57333.7,4.54046e+08,1.6559e+07,0,0,35,20.1838,20.1838,-0.0431968,0.00312458,-1.48758,-8.13152e-20,-0.000477065,-1.5708,20,480,180,280,360
53694.3,2.5,0.5,0.8,0.9,-566.985,-41.005,-1.60808,-565.278,-41.0535,-1.61355,-565.09,-40.9756,20.1325,0,-12,1.25361e-16,-0.0378176,-11.9882,-0.0287419,-1.04467e-17,-3.14159,0.0023975,-1.57395,0,11231.9,14.9892,3.07549,-3.25367,564,156,501.311,358.495,43044.4,4.5652e+08,1.66979e+07,0,0,35,20.1325,20.1325,-0.040111,0.00437833,-1.52144,2.16841e-19,0.0023975,-1.5708,20,480,180,280,360
54062.3,3,0.5,0.8,0.941184,-571.354,-41.005,-1.59346,-569.933,-41.0354,-1.62306,-570.095,-41.0439,20.033,0.2288,-11.7712,1.25361e-16,-0.0340813,-12.0373,-0.0609861,-1.06478e-17,-3.12216,0.00506636,-1.57363,0,11242.6,14.9916,2.98692,-3.15454,527,162,460.618,354.893,79056,4.57178e+08,1.6748e+07,0,0,35,20.033,20.033,-0.0369769,0.00591715,-1.54779,-0.194934,0.00506636,-1.5708,27,480,210,280,330
54470.3,3,0.5,0.8,1.08911,-576.126,-41.005,-1.49629,-574.593,-41.0042,-1.56702,-574.705,-41.0561,19.977,0.4912,-11.5088,1.25361e-16,0.0132657,-12.104,-0.0538847,-1.08827e-17,-3.09894,0.00445179,-1.5697,0,11047.1,14.9781,2.21789,-2.31068,441,189,377.335,353.351,84847.2,4.58566e+08,1.68019e+07,0,0,35,19.977,19.977,-0.0344923,0.00363655,-1.59443,-0.195548,0.00445179,-1.5708,27,480,210,280,330
55094.3,3,0.5,0.8,1.51716,-583.138,-41.005,-1.17616,-581.554,-40.9143,-1.40085,-580.158,-40.9502,20.2213,0.888,-11.112,1.25361e-16,0.122668,-11.9988,0.0365869,-1.12457e-17,-3.06185,-0.00304903,-1.56057,0,11129.8,14.9811,2.34304,-2.44603,512,282,498.07,411.752,96387.1,4.59633e+08,1.68784e+07,0,0,35,20.2213,20.2213,-0.0342841,-0.00221957,-1.5466,-0.203049,-0.00304903,-1.5708,27,480,210,280,330
55294.3,3,0.5,0.8,1.71281,-585.402,-41.005,-0.972705,-583.638,-40.9858,-1.15054,-583.958,-40.9202,21.0645,1.0192,-10.9808,1.25361e-16,0.262139,-11.7762,0.055347,-1.13675e-17,-3.04904,-0.0046987,-1.54854,0,11217.9,14.9865,2.51316,-2.63105,537,304,507.831,485.455,90455.7,4.61228e+08,1.69644e+07,0,0,35,21.0645,21.0645,-0.0394154,-0.00167604,-1.49424,-0.204699,-0.0046987,-1.5708,27,480,210,280,330
55694.3,3,0.5,0.8,2.17201,-589.743,-41.005,-0.531123,-588.111,-41.0927,-0.74261,-588.348,-41.0746,22.4821,1.2752,-10.7248,1.25361e-16,0.466673,-11.573,-0.067503,-1.16071e-17,-3.02325,0.00582801,-1.53049,0,11235.7,14.9894,2.5133,-2.63101,560,283,530.909,444.13,71580.5,4.62815e+08,1.70496e+07,0,0,35,22.4821,22.4821,-0.0741318,0.0133483,-1.4696,-0.194172,0.00582801,-1.5708,27,480,210,280,330
56174.3,3,0.5,0.8,2.85822,-594.817,-41.005,0.0806213,-592.551,-41.3528,-0.117241,-592.589,-41.2801,24.0747,1.5824,-10.4176,1.25361e-16,0.767032,-11.3119,-0.196331,-1.18971e-17,-2.99085,0.0173147,-1.50309,0,11244.1,14.9918,2.5228,-2.64133,562,246,517.112,396.218,52827.2,4.64382e+08,1.71319e+07,0,0,35,24.0747,24.0747,-0.101128,0.0284415,-1.46102,-0.182685,0.0173147,-1.5708,27,480,210,280,330
56502.3,3,0.5,0.8,3.40208,-598.143,-41.005,0.81393,-596.556,-41.4217,0.577724,-596.73,-41.4293,25.4267,1.7888,-10.2112,1.25361e-16,1.03782,-11.1095,-0.243314,-1.20927e-17,-2.96817,0.0218031,-1.47765,0,11247.8,14.9936,2.64531,-2.77587,563,224,516.984,361.001,32270.5,4.6578e+08,1.72019e+07,0,0,35,25.4267,25.4267,-0.120462,0.0345645,-1.46499,-0.178197,0.0218031,-1.5708,27,480,210,280,330
56926.3,3,0.5,0.8,4.22046,-602.425,-41.005,1.56583,-600.623,-41.5394,1.41588,-600.927,-41.5718,26.6311,2.0608,-9.9392,1.25361e-16,1.31853,-10.8899,-0.275924,-1.23501e-17,-2.93715,0.0251486,-1.4503,0,11249.1,14.9951,2.65009,-2.78113,548,218,508.675,349.498,21561.3,4.67371e+08,1.72646e+07,0,0,35,26.6311,26.6311,-0.127992,0.0379378,-1.47093,-0.174851,0.0251486,-1.5708,27,480,210,280,330
57262.3,3,0.5,0.8,4.9527,-605.742,-41.005,2.38074,-604.712,-41.5899,2.21864,-604.645,-41.5835,27.4938,2.2768,-9.7232,1.25361e-16,1.51492,-10.5206,-0.208714,-1.25534e-17,-2.91158,0.0196335,-1.42778,0,11249.6,14.9962,2.60173,-2.72791,559,225,522.559,355.598,38156.9,4.68686e+08,1.73439e+07,0,0,35,27.4938,27.4938,-0.131242,0.0327267,-1.47107,-0.180366,0.0196335,-1.5708,27,480,210,280,330
57734.3,3,0.5,0.8,6.10676,-610.288,-41.005,3.28762,-608.374,-41.5606,3.11495,-608.764,-41.6161,28.1259,2.5808,-9.4192,1.25361e-16,1.71005,-10.4472,-0.170705,-1.2836e-17,-2.87416,0.0161239,-1.40855,0,11250.9,14.997,2.75319,-2.89487,545,224,491.819,351.869,20205.3,4.69353e+08,1.74043e+07,0,0,35,28.1259,28.1259,-0.137685,0.0275995,-1.48738,-0.183876,0.0161239,-1.5708,27,480,210,280,330
58078.3,3,0.5,0.8,7.0355,-613.5,-41.005,4.38292,-612.308,-41.5769,4.20872,-612.674,-41.6087,28.7593,2.8016,-9.1984,1.25361e-16,1.96595,-10.1128,-0.117673,-1.30373e-17,-2.84594,0.0114217,-1.37879,0,11250.7,14.9977,2.64477,-2.77525,498,222,445.638,346.882,5827.5,4.70129e+08,1.7448e+07,0,0,35,28.7593,28.7593,-0.144107,0.0212918,-1.50217,-0.188578,0.0114217,-1.5708,27,480,210,280,330
58478.3,3,0.5,0.8,8.20766,-617.127,-41.005,5.60893,-616.003,-41.5459,5.4115,-616.293,-41.5746,29.3684,3.0576,-8.9424,1.25361e-16,2.2703,-9.94177,-0.0631074,-1.32647e-17,-2.81213,0.00618832,-1.34629,0,10759.4,14.9955,2.15804,-2.24822,484,224,450.271,339.052,12364.6,4.71737e+08,1.74917e+07,0,0,35,29.3684,29.3684,-0.148782,0.0200146,-1.47779,-0.193812,0.00618832,-1.5708,27,480,210,280,330
58918.3,3,0.5,0.8,9.61531,-621,-41.005,7.00401,-619.835,-41.6322,6.77274,-620.063,-41.5842,29.8858,3.3392,-8.6608,1.25361e-16,2.58208,-9.81966,-0.0544514,-1.35055e-17,-2.7736,0.00536279,-1.31367,0,10924.2,14.9956,2.17269,-2.26269,521,228,526.892,344.803,19483,4.73491e+08,1.75388e+07,0,0,35,29.8858,29.8858,-0.15161,0.0277148,-1.42384,-0.194637,0.00536279,-1.5708,27,480,210,280,330
59366.3,3,0.5,0.8,11.165,-624.79,-41.005,8.33202,-623.065,-41.6375,8.22527,-623.517,-41.6479,30.2276,3.624,-8.376,1.25361e-16,2.86619,-9.49556,-0.0804199,-1.37361e-17,-2.73325,0.00810773,-1.27765,0,11111.8,14.9965,2.40317,-2.51181,574,241,554.373,357.247,45528.9,4.752e+08,1.76085e+07,0,0,35,30.2276,30.2276,-0.155796,0.0367096,-1.38846,-0.191892,0.00810773,-1.5708,27,480,210,280,330
59694.3,3,0.5,0.8,12.396,-627.519,-41.005,9.78169,-626.514,-41.6189,9.6632,-626.838,-41.6575,30.4254,3.8352,-8.1648,1.25361e-16,3.06869,-9.1912,-0.0649735,-1.3897e-17,-2.70246,0.00670514,-1.24856,0,11196,14.9973,2.67559,-2.80989,609,237,587.294,355.926,82484.8,4.76795e+08,1.77145e+07,0,0,35,30.4254,30.4254,-0.162116,0.037864,-1.38004,-0.193295,0.00670514,-1.5708,27,480,210,280,330
60110.3,3,0.5,0.8,14.0533,-630.872,-41.005,11.3087,-629.808,-41.6422,11.1242,-629.944,-41.6444,30.6355,4.1024,-7.8976,1.25361e-16,3.19136,-8.6988,-0.0397345,-1.40862e-17,-2.66251,0.00428829,-1.21917,0,11227,14.9979,3.04424,-3.2188,621,221,576.964,347.56,95799.8,4.7759e+08,1.7833e+07,0,0,35,30.6355,30.6355,-0.16984,0.035483,-1.38823,-0.195712,0.00428829,-1.5708,27,480,210,280,330
60494.3,3,0.5,0.8,15.6587,-633.826,-41.005,12.8673,-632.756,-41.7374,12.7621,-633.211,-41.6666,30.8697,4.3456,-7.6544,1.25361e-16,3.46712,-8.64506,-0.0449255,-1.42424e-17,-2.62524,0.00482319,-1.18938,0,11240.7,14.9984,3.18719,-3.37879,586,213,513.495,348.549,56341.6,4.78334e+08,1.79101e+07,0,0,35,30.8697,30.8697,-0.175737,0.0313458,-1.42021,-0.195177,0.00482319,-1.5708,27,480,210,280,330
60854.3,3,0.5,0.8,17.2649,-636.54,-41.005,14.7352,-636.075,-41.7493,14.5216,-636.302,-41.7844,31.2476,4.576,-7.424,1.25361e-16,3.72943,-8.42077,-0.111028,-1.43746e-17,-2.58922,0.012055,-1.15387,0,11246.1,14.9987,2.95902,-3.12338,538,222,486.455,345.783,39908.5,4.79824e+08,1.79642e+07,0,0,35,31.2476,31.2476,-0.179714,0.0387996,-1.42224,-0.187945,0.012055,-1.5708,27,480,210,280,330
61374.3,3,0.5,0.8,19.7314,-640.314,-41.005,16.7821,-639.198,-41.7479,16.443,-639.212,-41.8137,31.6283,4.9088,-7.0912,1.25361e-16,4.02272,-8.10858,-0.103359,-1.45355e-17,-2.53609,0.0114184,-1.11027,0,11248.4,14.999,2.64925,-2.78021,552,216,542.026,333.785,58525.6,4.81393e+08,1.80306e+07,0,0,35,31.6283,31.6283,-0.18045,0.0475088,-1.37227,-0.188582,0.0114184,-1.5708,27,480,210,280,330
61686.3,3,0.5,0.8,21.2841,-642.481,-41.005,18.7789,-641.925,-41.7004,18.5474,-642.072,-41.7466,31.9205,5.1072,-6.8928,1.25361e-16,4.35161,-7.8296,-0.0305483,-1.4613e-17,-2.50391,0.0034103,-1.06352,0,11249.4,14.9992,2.81858,-2.96727,576,222,530.23,340.382,69365.1,4.83056e+08,1.81036e+07,0,0,35,31.9205,31.9205,-0.180548,0.0464272,-1.33553,-0.19659,0.0034103,-1.5708,27,480,210,280,330
62070.3,3,0.5,0.8,23.2847,-645.07,-41.005,20.8361,-644.667,-41.6657,20.6688,-644.847,-41.6649,32.0726,5.352,-6.648,1.25361e-16,4.60739,-7.58384,0.0335498,-1.46885e-17,-2.46378,-0.00378079,-1.02486,0,11249.8,14.9994,2.81925,-2.96801,568,217,524.791,338.014,71075.5,4.84736e+08,1.81773e+07,0,0,35,32.0726,32.0726,-0.18291,0.0418724,-1.32472,-0.203781,-0.00378079,-1.5708,27,480,210,280,330
62462.3,3,0.5,0.8,25.435,-647.63,-41.005,23.0591,-647.404,-41.6686,22.817,-647.468,-41.6597,32.2543,5.6032,-6.3968,1.25361e-16,4.81395,-7.29942,0.0276579,-1.47417e-17,-2.42223,-0.0031631,-0.987773,0,11249.9,14.9995,2.92153,-3.08159,561,211,532.273,333.483,67208.1,4.86418e+08,1.82445e+07,0,0,35,32.2543,32.2543,-0.184673,0.0438625,-1.31991,-0.203163,-0.0031631,-1.5708,27,480,210,280,330
62854.3,3,0.5,0.8,27.6839,-650.091,-41.005,25.2505,-649.908,-41.6934,25.2107,-650.287,-41.6689,32.2989,5.8544,-6.1456,1.25361e-16,5.13243,-7.23269,0.0136728,-1.47696e-17,-2.38046,-0.00154169,-0.953646,0,11250,14.9996,2.83353,-2.98384,580,209,546.669,332.261,78419.5,4.88145e+08,1.83223e+07,0,0,35,32.2989,32.2989,-0.186882,0.0472779,-1.31365,-0.201542,-0.00154169,-1.5708,27,480,210,280,330
63326.3,3,0.5,0.8,30.5219,-652.923,-41.005,27.6237,-652.489,-41.701,27.5326,-652.741,-41.6765,32.2483,6.1568,-5.8432,1.25361e-16,5.29099,-6.90421,0.00695102,-1.47689e-17,-2.33007,-0.000799112,-0.916918,0,11250,14.9997,2.96829,-3.13366,611,210,588.441,334.508,105229,4.89143e+08,1.84294e+07,0,0,35,32.2483,32.2483,-0.187199,0.0500614,-1.30381,-0.200799,-0.000799112,-1.5708,27,480,210,280,330
63710.3,3,0.5,0.8,32.94,-655.125,-41.005,30.2413,-655.048,-41.6913,29.9896,-655.111,-41.7144,32.0795,6.4032,-5.5968,1.25361e-16,5.55768,-6.67755,-0.0203939,-1.47407e-17,-2.2891,0.00234742,-0.876672,0,11250,14.9998,3.18498,-3.37614,599,203,535.777,328.432,99431.4,4.90715e+08,1.85307e+07,0,0,35,32.0795,32.0795,-0.189574,0.0501798,-1.32203,-0.197653,0.00234742,-1.5708,27,480,210,280,330
64134.3,3,0.5,0.8,35.7529,-657.472,-41.005,32.7513,-657.258,-41.771,32.5279,-657.435,-41.754,31.9923,6.6784,-5.3216,1.25361e-16,5.86585,-6.55139,-0.0444789,-1.46804e-17,-2.24361,0.005058,-0.840551,0,11250,14.9999,3.19722,-3.3899,611,194,596.662,323.653,98495,4.92062e+08,1.86352e+07,0,0,35,31.9923,31.9923,-0.189156,0.0533939,-1.31899,-0.194942,0.005058,-1.5708,27,480,210,280,330
64622.3,3,0.5,0.8,39.0501,-659.965,-41.005,35.3189,-659.345,-41.6921,35.3199,-659.705,-41.8172,31.7821,6.9872,-5.0128,1.25361e-16,6.08161,-6.20972,-0.0754859,-1.45779e-17,-2.19312,0.00868456,-0.79582,0,11250,14.9999,3.20261,-3.39596,608,201,538.613,322.377,91509.7,4.93594e+08,1.87335e+07,0,0,35,31.7821,31.7821,-0.188156,0.0557712,-1.32401,-0.191315,0.00868456,-1.5708,27,480,210,280,330
64854.3,3,0.5,0.8,40.7278,-661.137,-41.005,38.1734,-661.6,-41.7048,38.0148,-661.766,-41.7154,31.6164,7.1392,-4.8608,1.25361e-16,6.27315,-5.93617,0.00878218,-1.45146e-17,-2.16856,-0.00101686,-0.757805,0,11250,14.9999,3.17624,-3.36633,580,197,542.059,327.028,76542.4,4.95077e+08,1.88215e+07,0,0,35,31.6164,31.6164,-0.186629,0.0433176,-1.33611,-0.201017,-0.00101686,-1.5708,27,480,210,280,330
65254.3,3,0.5,0.8,43.598,-663.007,-41.005,41.1201,-663.614,-41.6905,40.7353,-663.675,-41.6702,31.4936,7.392,-4.608,1.25361e-16,6.41199,-5.61267,0.0381637,-1.43917e-17,-2.12823,-0.0044785,-0.719023,0,11250,14.9999,3.03916,-3.21274,577,201,527.049,331.915,72491.6,4.96491e+08,1.89057e+07,0,0,35,31.4936,31.4936,-0.187185,0.0386984,-1.34268,-0.204478,-0.0044785,-1.5708,27,480,210,280,330
65910.3,3,0.5,0.8,48.5971,-665.898,-41.005,45.5509,-666.295,-41.7116,43.9423,-665.707,-41.6755,31.5423,7.8128,-4.1872,1.25361e-16,6.84361,-5.46279,0.0251461,-1.41425e-17,-2.06278,-0.00287168,-0.673662,0,11250,14.9999,3.03712,-3.21046,600,198,555.395,329.632,76460.6,4.98016e+08,1.8992e+07,0,0,35,31.5423,31.5423,-0.187096,0.042038,-1.33374,-0.202872,-0.00287168,-1.5708,27,480,210,280,330
66198.3,3,0.5,0.8,50.85,-667.065,-41.005,47.3504,-667.283,-41.773,46.9185,-667.375,-41.7043,31.4754,7.9952,-4.0048,1.25361e-16,7.00889,-5.11138,-0.00262878,-1.40191e-17,-2.03516,0.000303039,-0.630102,0,11250,14.9999,3.05945,-3.23543,614,194,595.888,328.25,111933,4.99475e+08,1.91148e+07,0,0,35,31.4754,31.4754,-0.18664,0.046971,-1.32423,-0.199697,0.000303039,-1.5708,27,480,210,280,330
66502.3,3,0.5,0.8,53.3595,-668.275,-41.005,50.5197,-668.851,-41.7858,50.4875,-669.228,-41.8192,31.3899,8.1936,-3.8064,1.25361e-16,7.52586,-4.97967,-0.0791267,-1.38757e-17,-2.00569,0.00876809,-0.584539,0,11250,14.9999,3.26791,-3.46947,640,194,595.266,323.24,107438,5.00343e+08,1.92365e+07,0,0,35,31.3899,31.3899,-0.185693,0.056171,-1.3193,-0.191232,0.00876809,-1.5708,27,480,210,280,330
66870.3,3,0.5,0.8,56.372,-669.613,-41.005,53.7943,-670.521,-41.7737,53.6588,-670.633,-41.8014,31.23,8.4256,-3.5744,1.25361e-16,7.64031,-4.58795,-0.0462316,-1.3697e-17,-1.97202,0.00518752,-0.540782,0,11250,14.9999,3.20619,-3.39999,586,196,518.935,325.965,83782.1,5.01149e+08,1.93352e+07,0,0,35,31.23,31.23,-0.185264,0.047372,-1.34554,-0.194812,0.00518752,-1.5708,27,480,210,280,330
67254.3,3,0.5,0.8,59.6636,-670.941,-41.005,57.4327,-672.09,-41.8301,57.0551,-672.196,-41.8156,31.1417,8.672,-3.328,1.25361e-16,7.87586,-4.40036,-0.0458224,-1.34961e-17,-1.93723,0.00507905,-0.509509,0,11250,14.9999,3.16055,-3.34871,572,193,536.813,326.448,70156.5,5.02675e+08,1.94196e+07,0,0,35,31.1417,31.1417,-0.184358,0.0453236,-1.35457,-0.194921,0.00507905,-1.5708,27,480,210,280,330
67750.4,3,0.5,0.8,64.0576,-672.517,-41.005,60.9887,-673.372,-41.8257,60.8479,-673.635,-41.8643,31.0598,8.9904,-3.0096,1.25361e-16,8.21423,-4.12361,-0.0660172,-1.32226e-17,-1.89383,0.00718255,-0.465253,0,11250,14.9999,3.04368,-3.2178,616,209,594.057,337.979,99214.2,5.03612e+08,1.95343e+07,0,0,35,31.0598,31.0598,-0.181687,0.0528091,-1.32329,-0.192817,0.00718255,-1.5708,27,480,210,280,330
68150.3,3,0.5,0.8,67.6821,-673.663,-41.005,64.3947,-674.506,-41.7778,64.4382,-674.796,-41.8483,30.9193,9.2448,-2.7552,1.25361e-16,8.46366,-3.81443,-0.039217,-1.29953e-17,-1.86044,0.00422435,-0.423422,0,11250,14.9999,3.21479,-3.40966,614,222,538.96,349.123,80637.6,5.04487e+08,1.96329e+07,0,0,35,30.9193,30.9193,-0.18155,0.0484504,-1.33043,-0.195776,0.00422435,-1.5708,27,480,210,280,330
68502.3,3,0.5,0.8,70.981,-674.594,-41.005,68.2624,-675.766,-41.7524,68.1729,-676.042,-41.7302,30.6739,9.4704,-2.5296,1.25361e-16,8.72222,-3.63902,0.0513715,-1.27888e-17,-1.83181,-0.00543556,-0.395256,0,11250,14.9999,3.15034,-3.33724,583,209,522.609,343.389,57146,5.05352e+08,1.97119e+07,0,0,35,30.6739,30.6739,-0.185392,0.0349867,-1.35481,-0.205436,-0.00543556,-1.5708,27,480,210,280,330
69118.3,3,0.5,0.8,76.9761,-676.039,-41.005,74.0408,-677.284,-41.7164,71.841,-677.019,-41.6979,30.5398,9.8672,-2.1328,1.25361e-16,8.8441,-3.31674,0.0621009,-1.2418e-17,-1.78367,-0.00657451,-0.358791,0,11250,14.9999,2.88957,-3.04605,550,189,478.684,329.77,47879.8,5.06206e+08,1.9783e+07,0,0,35,30.5398,30.5398,-0.189538,0.0343648,-1.35671,-0.206575,-0.00657451,-1.5708,27,480,210,280,330
69278.3,3,0.5,0.8,78.5632,-676.372,-41.005,75.9416,-677.757,-41.7006,75.8785,-677.965,-41.6939,30.4242,9.9696,-2.0304,1.25361e-16,9.14263,-3.03992,0.0421052,-1.23214e-17,-1.77171,-0.0043701,-0.321,0,11250,14.9999,2.87917,-3.03449,532,182,474.961,312.874,34648.3,5.07193e+08,1.9841e+07,0,0,35,30.4242,30.4242,-0.193337,0.0376583,-1.35532,-0.20437,-0.0043701,-1.5708,27,480,210,280,330
69702.3,3,0.5,0.8,82.8328,-677.172,-41.005,80.1065,-678.623,-41.7778,79.726,-678.767,-41.7031,30.289,10.24,-1.76,1.25361e-16,9.36694,-2.78983,0.024204,-1.20654e-17,-1.74101,-0.00247647,-0.289472,0,11193.9,15,2.72619,-2.86578,526,193,493.509,326.282,34599.6,5.09023e+08,1.98978e+07,0,0,35,30.289,30.289,-0.189192,0.0412511,-1.3422,-0.202476,-0.00247647,-1.5708,27,480,210,280,330
70190.3,3,0.5,0.8,87.8749,-677.95,-41.005,84.0396,-679.272,-41.759,84.1975,-679.575,-41.7336,30.1294,10.5504,-1.4496,1.25361e-16,9.86074,-2.57797,0.00206342,-1.17715e-17,-1.70734,-0.000202452,-0.255715,0,11211.2,15,2.69098,-2.82668,584,211,582.798,340.205,63901.4,5.11051e+08,1.99854e+07,0,0,35,30.1294,30.1294,-0.184549,0.0493762,-1.30671,-0.200202,-0.000202452,-1.5708,27,480,210,280,330
70430.3,3,0.5,0.8,90.4256,-678.279,-41.005,86.3049,-679.639,-41.7027,88.1427,-680.11,-41.7108,29.778,10.704,-1.296,1.25361e-16,9.98863,-2.27367,0.0200599,-1.16267e-17,-1.69129,-0.00195818,-0.223813,0,11235.7,15,2.96865,-3.13428,625,219,607.18,349.008,201110,5.12775e+08,2.02106e+07,0,0,35,29.778,29.778,-0.183076,0.0510497,-1.28721,-0.201958,-0.00195818,-1.5708,27,480,210,280,330
70870.3,3,0.5,0.8,95.1702,-678.785,-41.005,92.9408,-680.529,-41.5722,92.6377,-680.646,-41.5502,29.8443,10.984,-1.016,1.25361e-16,10.206,-1.98941,0.122003,-1.13645e-17,-1.66303,-0.0117327,-0.192512,0,11244,15,3.53577,-3.77306,619,225,563.447,366.739,116389,5.13755e+08,2.03561e+07,0,0,35,29.8443,29.8443,-0.188179,0.0338424,-1.33167,-0.211733,-0.0117327,-1.5708,27,480,210,280,330
71246.3,3,0.5,0.8,99.4187,-679.126,-41.005,95.1765,-680.772,-41.6195,97.3299,-681.183,-41.5913,30.0601,11.2288,-0.7712,1.25361e-16,10.5015,-1.78902,0.056829,-1.1138e-17,-1.63937,-0.00533459,-0.168738,0,11247.6,15,3.42947,-3.65218,580,222,467.116,362.629,31651.9,5.149e+08,2.04164e+07,0,0,35,30.0601,30.0601,-0.198348,0.0323792,-1.3816,-0.205335,-0.00533459,-1.5708,27,480,210,280,330
71662.3,3,0.5,0.8,104.077,-679.388,-41.005,102.036,-681.312,-41.6459,101.676,-681.463,-41.7142,30.3049,11.4912,-0.5088,1.25361e-16,10.6747,-1.50765,-0.0400493,-1.08986e-17,-1.61504,0.00371491,-0.140308,0,11249,15,2.80721,-2.95468,498,202,439.521,327.333,25529.9,5.17114e+08,2.04644e+07,0,0,35,30.3049,30.3049,-0.205107,0.0429031,-1.38062,-0.196285,0.00371491,-1.5708,27,480,210,280,330
72126.3,3,0.5,0.8,109.549,-679.556,-41.005,106.68,-681.547,-41.6433,106.594,-681.759,-41.6503,30.3852,11.792,-0.208,1.25361e-16,11.1113,-1.29879,0.0114761,-1.06294e-17,-1.58843,-0.00102584,-0.116361,0,11186.8,14.9994,2.43236,-2.54294,537,203,521.254,326.147,37062.7,5.18383e+08,2.05253e+07,0,0,35,30.3852,30.3852,-0.201716,0.0451054,-1.34433,-0.201026,-0.00102584,-1.5708,27,480,210,280,330
72486.3,3,0.5,0.8,113.835,-679.59,-41.005,111.346,-681.559,-41.5836,111.215,-681.789,-41.6009,30.3506,12,1.14519e-16,1.25361e-16,11.2321,-0.962468,0.0434891,-1.04467e-17,-1.5708,-0.0038577,-0.0854801,0,11195.9,14.9994,2.72405,-2.86339,541,200,483.152,324.793,34079.7,5.19679e+08,2.05837e+07,0,0,35,30.3506,30.3506,-0.201204,0.0416569,-1.34672,-0.203858,-0.0038577,-1.5708,27,480,210,280,330
72878.3,3,0.5,0.8,118.515,-679.59,-41.005,116.317,-681.548,-41.7205,116.017,-681.738,-41.6569,30.3618,12,1.14519e-16,1.25361e-16,11.4449,-0.666196,-0.0117814,-1.04467e-17,-1.5708,0.00102766,-0.0581431,0,11225.8,14.9995,2.70474,-2.84168,530,187,490.228,316.795,34273.7,5.21022e+08,2.06426e+07,0,0,35,30.3618,30.3618,-0.200526,0.0462751,-1.34728,-0.198972,0.00102766,-1.5708,27,480,210,280,330
73254.3,3,0.5,0.8,123.015,-679.59,-41.005,118.967,-681.504,-41.7981,121.262,-681.629,-41.8017,30.3053,12,1.14519e-16,1.25361e-16,11.9029,-0.411169,-0.107896,-1.04467e-17,-1.5708,0.00905908,-0.0345299,0,11240.1,14.9996,2.69875,-2.83488,525,177,489.444,304.464,31938.1,5.23932e+08,2.0696e+07,0,0,35,30.3053,30.3053,-0.201866,0.0544044,-1.34823,-0.190941,0.00905908,-1.5708,27,480,210,280,330
73686.3,3,0.5,0.8,128.235,-679.59,-41.005,126.161,-681.511,-41.8593,126.28,-681.577,-41.8865,30.0176,12,1.14519e-16,1.25361e-16,12.0864,-0.268773,-0.135348,-1.04467e-17,-1.5708,0.0111952,-0.022234,0,11245.9,14.9997,2.61862,-2.74653,600,198,586.213,320.041,61394.5,5.26874e+08,2.07827e+07,0,0,35,30.0176,30.0176,-0.193507,0.0603558,-1.32032,-0.188805,0.0111952,-1.5708,27,480,210,280,330
74102.3,3,0.5,0.8,133.155,-679.59,-41.005,130.964,-681.568,-41.8069,130.833,-681.584,-41.8537,29.2917,12,1.14519e-16,1.25361e-16,11.8889,-0.202048,-0.074461,-1.04467e-17,-1.5708,0.00626206,-0.016993,0,11248.3,14.9998,2.95096,-3.11437,652,208,610.635,335.941,138104,5.29425e+08,2.09525e+07,0,0,35,29.2917,29.2917,-0.189632,0.0509837,-1.3377,-0.193738,0.00626206,-1.5708,27,480,210,280,330
74470.3,3,0.5,0.8,137.595,-679.59,-41.005,135.573,-681.66,-41.7573,135.691,-681.687,-41.7504,28.6608,12,1.14519e-16,1.25361e-16,11.9517,-0.21998,0.0181862,-1.04467e-17,-1.5708,-0.00152139,-0.0184038,0,11249.3,14.9998,3.36269,-3.57651,650,220,586.464,362.926,170286,5.3172e+08,2.11583e+07,0,0,35,28.6608,28.6608,-0.19211,0.032534,-1.39422,-0.201521,-0.00152139,-1.5708,27,480,210,280,330
74918.3,3,0.5,0.8,142.965,-679.59,-41.005,140.618,-681.663,-41.7804,140.758,-681.714,-41.7643,28.3205,12,1.14519e-16,1.25361e-16,12.1722,-0.177935,0.00338564,-1.04467e-17,-1.5708,-0.000278116,-0.0146171,0,11249.7,14.9999,3.55867,-3.79902,617,219,541.529,365.921,74565.1,5.34011e+08,2.12713e+07,0,0,35,28.3205,28.3205,-0.200644,0.0231934,-1.45355,-0.200278,-0.000278116,-1.5708,27,480,210,280,330
75350.3,3,0.5,0.8,148.125,-679.59,-41.005,145.474,-681.71,-41.7183,145.568,-681.742,-41.7346,27.9626,12,1.14519e-16,1.25361e-16,12.2823,-0.152891,0.0252165,-1.04467e-17,-1.5708,-0.00205292,-0.0124474,0,11249.9,14.9999,3.22468,-3.42079,591,212,534.138,353.74,62471,5.35957e+08,2.1374e+07,0,0,35,27.9626,27.9626,-0.208546,0.014497,-1.49102,-0.202053,-0.00205292,-1.5708,27,480,210,280,330
75662.3,3,0.5,0.8,151.905,-679.59,-41.005,150.379,-681.713,-41.7764,150.238,-681.76,-41.735,27.6747,12,1.14519e-16,1.25361e-16,12.0505,-0.123875,0.0157648,-1.04467e-17,-1.5708,-0.00130816,-0.0102793,0,11250,14.9999,3.096,-3.27633,572,198,511.368,343.385,39964.2,5.3793e+08,2.14554e+07,0,0,35,27.6747,27.6747,-0.214238,0.00874761,-1.52353,-0.201308,-0.00130816,-1.5708,27,480,210,280,330
76054.3,3,0.5,0.8,156.615,-679.59,-41.005,155.287,-681.757,-41.7869,155.17,-681.765,-41.784,27.4682,12,1.14519e-16,1.25361e-16,12.1191,-0.0959146,-0.0206586,-1.04467e-17,-1.5708,0.00170458,-0.00791415,0,11250,14.9999,2.87106,-3.02548,534,200,481.351,338.725,15212.6,5.38756e+08,2.15125e+07,0,0,35,27.4682,27.4682,-0.216504,0.00688388,-1.54669,-0.198295,0.00170458,-1.5708,27,480,210,280,330
76462.3,3,0.5,0.8,161.565,-679.59,-41.005,160.008,-681.793,-41.8126,159.862,-681.817,-41.7475,27.3148,12,1.14519e-16,1.25361e-16,11.9938,-0.106243,0.0123546,-1.04467e-17,-1.5708,-0.00103004,-0.00885793,0,10764.9,14.9952,2.44456,-2.56087,445,210,364.775,345.142,2164.65,5.39527e+08,2.15572e+07,0,0,35,27.3148,27.3148,-0.216854,-0.00739518,-1.60037,-0.20103,-0.00103004,-1.5708,27,480,210,280,330
76886.3,3,0.5,0.8,166.665,-679.59,-41.005,164.842,-681.752,-41.7932,164.811,-681.834,-41.8106,27.2164,12,1.14519e-16,1.25361e-16,12.0909,-0.0904583,-0.03107,-1.04467e-17,-1.5708,0.00256963,-0.00748138,0,11226.7,14.9983,2.32408,-2.42446,393,214,343.901,339.635,27009.5,5.4155e+08,2.16258e+07,0,0,35,27.2164,27.2164,-0.220846,-0.00426346,-1.60198,-0.19743,0.00256963,-1.5708,27,480,210,280,330
77270.3,3,0.5,0.8,171.255,-679.59,-41.005,169.848,-681.697,-41.8661,169.877,-681.776,-41.8031,27.1978,12,1.14519e-16,1.25361e-16,12.1121,-0.0329818,-0.0189197,-1.04467e-17,-1.5708,0.00156204,-0.00272303,0,11272.9,14.998,2.70494,-2.8413,425,202,410.953,337.983,13723.9,5.42601e+08,2.16816e+07,0,0,35,27.1978,27.1978,-0.222074,0.00738297,-1.54437,-0.198438,0.00156204,-1.5708,27,480,210,280,330
77710.3,3,0.5,0.8,176.505,-679.59,-41.005,174.327,-681.608,-41.8132,174.533,-681.677,-41.8364,27.3009,12,1.14519e-16,1.25361e-16,11.9498,0.035746,-0.0275885,-1.04467e-17,-1.5708,0.00230868,0.00299133,0,11254.3,14.9983,2.56225,-2.68449,400,211,337.333,339.925,27146.6,5.43645e+08,2.175e+07,0,0,35,27.3009,27.3009,-0.220447,0.00770087,-1.54614,-0.197691,0.00230868,-1.5708,27,480,210,280,330
78070.3,3,0.5,0.8,180.855,-679.59,-41.005,179.232,-681.532,-41.7184,179.403,-681.568,-41.7305,27.5909,12,1.14519e-16,1.25361e-16,12.0176,0.0971501,0.0558533,-1.04467e-17,-1.5708,-0.00464743,0.00808379,0,11251.4,14.9987,2.77971,-2.92419,370,216,322.923,347.003,63984,5.44809e+08,2.18547e+07,0,0,35,27.5909,27.5909,-0.220926,0.00344186,-1.5339,-0.204647,-0.00464743,-1.5708,27,480,210,280,330
78478.3,3,0.5,0.8,185.715,-679.59,-41.005,183.89,-681.478,-41.7409,183.87,-681.491,-41.6902,27.7803,12,1.14519e-16,1.25361e-16,11.9082,0.121681,0.06826,-1.04467e-17,-1.5708,-0.0057318,0.0102178,0,11250.6,14.999,3.02206,-3.19364,349,204,310.703,342.479,61971.3,5.47131e+08,2.19554e+07,0,0,35,27.7803,27.7803,-0.224607,0.00610748,-1.51769,-0.205732,-0.0057318,-1.5708,27,480,210,280,330
78886.3,3,0.5,0.8,190.665,-679.59,-41.005,188.751,-681.472,-41.8083,188.73,-681.435,-41.7394,27.9475,12,1.14519e-16,1.25361e-16,11.9757,0.125773,0.0171482,-1.04467e-17,-1.5708,-0.00143183,0.0105019,0,11250.2,14.9992,3.08252,-3.26123,410,203,395.535,343.392,21458.5,5.48267e+08,2.2017e+07,0,0,35,27.9475,27.9475,-0.22385,0.0221138,-1.4651,-0.201432,-0.00143183,-1.5708,27,480,210,280,330
79254.3,3,0.5,0.8,195.045,-679.59,-41.005,193.32,-681.474,-41.7989,193.588,-681.445,-41.8192,27.8791,12,1.14519e-16,1.25361e-16,12.0243,0.0854786,-0.0394626,-1.04467e-17,-1.5708,0.00328182,0.00710872,0,11250,14.9994,2.7421,-2.88263,401,209,344.612,339.404,28437.7,5.50714e+08,2.20844e+07,0,0,35,27.8791,27.8791,-0.223362,0.0233949,-1.48023,-0.196718,0.00328182,-1.5708,27,480,210,280,330
79678.3,3,0.5,0.8,200.145,-679.59,-41.005,198.488,-681.559,-41.8593,198.375,-681.5,-41.8056,27.7829,12,1.14519e-16,1.25361e-16,12.0341,0.0231157,-0.0199632,-1.04467e-17,-1.5708,0.00165887,0.00192084,0,10974.8,14.9902,2.75178,-2.89706,476,210,473.976,346.168,5790.89,5.53111e+08,2.21299e+07,0,0,35,27.7829,27.7829,-0.221498,0.0313058,-1.43662,-0.198341,0.00165887,-1.5708,27,480,210,280,330
80086.3,3,0.5,0.8,205.005,-679.59,-41.005,203.058,-681.58,-41.8763,202.986,-681.548,-41.8682,27.589,12,1.14519e-16,1.25361e-16,11.8751,-0.0129201,-0.0546372,-1.04467e-17,-1.5708,0.00460094,-0.00108799,0,11083.5,14.991,2.40925,-2.51875,520,220,477.137,347.336,17089.5,5.55312e+08,2.21879e+07,0,0,35,27.589,27.589,-0.222246,0.0335489,-1.44018,-0.195399,0.00460094,-1.5708,27,480,210,280,330
80566.3,3,0.5,0.8,210.735,-679.59,-41.005,207.94,-681.581,-41.9193,207.95,-681.608,-41.892,27.4161,12,1.14519e-16,1.25361e-16,12.0245,-0.0498619,-0.0552718,-1.04467e-17,-1.5708,0.00459651,-0.00414666,0,11182,14.9932,2.57895,-2.70366,541,215,506.813,346.028,25398.5,5.57459e+08,2.22545e+07,0,0,35,27.4161,27.4161,-0.225982,0.028189,-1.46587,-0.195403,0.00459651,-1.5708,27,480,210,280,330
80902.3,3,0.5,0.8,214.845,-679.59,-41.005,212.891,-681.623,-41.9623,212.682,-681.624,-41.9274,27.285,12,1.14519e-16,1.25361e-16,11.9693,-0.0492206,-0.0623484,-1.04467e-17,-1.5708,0.00520895,-0.00411222,0,11224.4,14.9947,2.73382,-2.87381,544,199,514.541,332.931,26078.1,5.59492e+08,2.23222e+07,0,0,35,27.285,27.285,-0.229933,0.0240762,-1.48819,-0.194791,0.00520895,-1.5708,27,480,210,280,330
81262.3,3,0.5,0.8,219.105,-679.59,-41.005,217.53,-681.713,-41.8498,217.839,-681.681,-41.9066,27.1324,12,1.14519e-16,1.25361e-16,12.2189,-0.0770735,-0.0255233,-1.04467e-17,-1.5708,0.0020888,-0.00630766,0,11239.1,14.9959,2.71909,-2.85735,550,205,506.4,333.148,19868.7,5.61574e+08,2.23837e+07,0,0,35,27.1324,27.1324,-0.2308,0.0150975,-1.51399,-0.197911,0.0020888,-1.5708,27,480,210,280,330
81734.3,3,0.5,0.8,224.805,-679.59,-41.005,222.526,-681.738,-41.794,222.249,-681.738,-41.8317,27.0119,12,1.14519e-16,1.25361e-16,11.9001,-0.0926781,0.0310585,-1.04467e-17,-1.5708,-0.00260985,-0.00778783,0,11245.5,14.9969,2.71475,-2.85247,549,209,501.721,339.732,32074.9,5.63405e+08,2.24575e+07,0,0,35,27.0119,27.0119,-0.231059,0.00635753,-1.53166,-0.20261,-0.00260985,-1.5708,27,480,210,280,330
82166.3,3,0.5,0.8,229.965,-679.59,-41.005,227.478,-681.749,-41.8144,227.271,-681.789,-41.6994,26.9454,12,1.14519e-16,1.25361e-16,12.0644,-0.10339,0.115017,-1.04467e-17,-1.5708,-0.00953292,-0.00856965,0,11248.3,14.9976,2.81193,-2.95992,516,202,463.81,345.151,10981.2,5.65305e+08,2.25109e+07,0,0,35,26.9454,26.9454,-0.23272,-0.00607833,-1.55582,-0.209533,-0.00953292,-1.5708,27,480,210,280,330
82454.3,3,0.5,0.8,233.385,-679.59,-41.005,232.063,-681.759,-41.7905,232.172,-681.776,-41.7987,26.9123,12,1.14519e-16,1.25361e-16,12.0993,-0.0669872,0.0200313,-1.04467e-17,-1.5708,-0.00165555,-0.00553641,0,11249.3,14.9981,2.58668,-2.71138,495,194,461.823,325.062,4761.81,5.67198e+08,2.25582e+07,0,0,35,26.9123,26.9123,-0.235849,-0.00153504,-1.57028,-0.201656,-0.00165555,-1.5708,27,480,210,280,330
82886.3,3,0.5,0.8,238.605,-679.59,-41.005,236.973,-681.705,-41.8909,237.053,-681.756,-41.83,26.9175,12,1.14519e-16,1.25361e-16,12.1401,-0.0347657,-0.00948089,-1.04467e-17,-1.5708,0.00078095,-0.00286369,0,11210.9,14.9982,2.36601,-2.47028,476,191,437.604,323.341,1243.36,5.6917e+08,2.26019e+07,0,0,35,26.9175,26.9175,-0.232839,-0.000194606,-1.57502,-0.199219,0.00078095,-1.5708,27,480,210,280,330
83262.3,3,0.5,0.8,243.135,-679.59,-41.005,241.6,-681.692,-41.9314,241.783,-681.723,-41.8939,26.932,12,1.14519e-16,1.25361e-16,12.0559,-0.00516456,-0.0474327,-1.04467e-17,-1.5708,0.00393437,-0.000428383,0,11171.1,14.9973,2.28916,-2.38698,467,194,432.616,321.464,1881.36,5.69971e+08,2.26456e+07,0,0,35,26.932,26.932,-0.229794,0.00345822,-1.57289,-0.196066,0.00393437,-1.5708,27,480,210,280,330
83662.3,3,0.5,0.8,247.875,-679.59,-41.005,246.372,-681.662,-41.9055,246.363,-681.677,-41.97,26.9703,12,1.14519e-16,1.25361e-16,11.8967,0.026765,-0.0855346,-1.04467e-17,-1.5708,0.00718963,0.00224978,0,9997.66,14.8081,2.11646,-2.21003,412,205,348.946,321.976,18188.3,5.7186e+08,2.27057e+07,0,0,35,26.9703,26.9703,-0.225961,0.000439155,-1.60092,-0.19281,0.00718963,-1.5708,27,480,210,280,330
84038.3,4,0.5,0.8,252.465,-679.59,-41.005,249.298,-681.592,-42.0151,251.631,-681.59,-42.0159,27.0755,12,1.14519e-16,1.25361e-16,12.2676,0.0808486,-0.100365,-1.04467e-17,-1.5708,0.00818093,0.00659031,0,10531.7,14.8307,2.40899,-2.52447,395,199,422.686,327.237,33667.3,5.73654e+08,2.27901e+07,0,0,35,27.0755,27.0755,-0.224663,0.0133365,-1.54766,0.276809,0.145428,-2.03874,30,480,190,280,350
84446.3,4,0.5,0.8,257.325,-679.59,-41.005,253.674,-681.657,-41.9386,256.111,-681.647,-41.9464,27.1438,12,1.14519e-16,1.25361e-16,11.98,0.0219104,-0.0297618,-1.04467e-17,-1.5708,0.00248427,0.00182891,0,10952,14.8716,5.57491,-6.2068,470,217,449.157,399.173,30345.4,5.75288e+08,2.28701e+07,0,0,35,27.1438,27.1438,-0.220682,0.0109032,-1.53235,0.271723,0.137064,-2.03802,30,480,190,280,350
84838.3,4,0.5,0.8,262.005,-679.59,-41.005,257.946,-681.63,-41.9946,260.387,-681.627,-41.9896,27.3547,12,1.14519e-16,1.25361e-16,11.6069,0.0299427,-0.0558053,-1.04467e-17,-1.5708,0.00480789,0.00257973,0,11128,14.902,6.24757,-7.03782,476,266,297.412,520.501,111614,5.76664e+08,2.30227e+07,0,0,35,27.3547,27.3547,-0.160932,-0.00113684,-1.60788,0.273798,0.140474,-2.03831,30,480,190,280,350
85230.3,4,0.5,0.8,266.775,-679.59,-41.005,263.2,-681.769,-41.7824,265.512,-681.763,-41.7976,27.3186,12,1.14519e-16,1.25361e-16,11.9402,-0.0718488,0.0937416,-1.04467e-17,-1.5708,-0.0078506,-0.0060173,0,11199.9,14.9253,5.66233,-6.29928,344,292,289.428,440.304,104640,5.78142e+08,2.31714e+07,0,0,35,27.3186,27.3186,-0.152716,-0.0180417,-1.63769,0.262493,0.121909,-2.03675,30,480,190,280,350
85670.3,4,0.5,0.8,271.965,-679.59,-41.005,270.584,-682.014,-41.4119,270.278,-681.968,-41.5744,27.1095,12,1.14519e-16,1.25361e-16,11.9198,-0.190317,0.217466,-1.04467e-17,-1.5708,-0.0182398,-0.0159651,0,11229.4,14.9432,5.80304,-6.47194,410,248,354.457,423.903,29332.4,5.79454e+08,2.32562e+07,0,0,35,27.1095,27.1095,-0.126086,-0.0287066,-1.65384,0.253209,0.106698,-2.03552,30,480,190,280,350
86070.3,4,0.5,0.8,276.735,-679.59,-41.005,275.531,-682.111,-41.2219,275.161,-682.102,-41.3469,27.0704,12,1.14519e-16,1.25361e-16,11.9741,-0.228176,0.304302,-1.04467e-17,-1.5708,-0.0254032,-0.0190534,0,11241.7,14.9565,5.62795,-6.25416,438,209,401.398,385.795,24531.1,5.80693e+08,2.33344e+07,0,0,35,27.0704,27.0704,-0.10652,-0.0370159,-1.67959,0.246804,0.0962243,-2.0347,30,480,190,280,350
86462.3,4,0.5,0.8,281.445,-679.59,-41.005,280.376,-682.247,-41.1249,280.614,-682.232,-41.1133,27.1634,12,1.14519e-16,1.25361e-16,12.2798,-0.253056,0.369173,-1.04467e-17,-1.5708,-0.030048,-0.0206046,0,9593.82,14.9664,5.75592,-6.54076,457,191,394.48,383.19,32410.8,5.81207e+08,2.34236e+07,0,0,35,27.1634,27.1634,-0.0625658,-0.0395658,-1.72186,0.242649,0.0894386,-2.03418,30,480,190,280,350
86870.3,4,0.5,0.8,286.365,-679.59,-41.005,285.266,-682.238,-40.8858,285.106,-682.339,-40.8525,27.5121,12,1.14519e-16,1.25361e-16,12.1212,-0.258012,0.456525,-1.04467e-17,-1.5708,-0.0376371,-0.0212828,0,10318.6,14.9742,5.39173,-6.02096,501,63,470.297,229.258,73882.9,5.81541e+08,2.35579e+07,0,0,35,27.5121,27.5121,-0.0570138,-0.048036,-1.75131,0.235859,0.0783608,-2.03335,30,480,190,280,350
87286.3,4,0.5,0.8,291.345,-679.59,-41.005,290.043,-682.334,-41.2215,290.07,-682.32,-41.0201,28.1488,12,1.14519e-16,1.25361e-16,12.1905,-0.178561,0.203713,-1.04467e-17,-1.5708,-0.0167074,-0.0146465,0,10869.3,14.9802,5.66441,-6.32349,494,70,401.508,257.582,45673.2,5.81839e+08,2.36691e+07,0,0,35,28.1488,28.1488,0.00959731,-0.0144586,-1.80097,0.254578,0.10894,-2.0357,30,480,190,280,350
87670.3,4,0.5,0.8,295.935,-679.59,-41.005,295.176,-682.359,-41.1413,295.109,-682.401,-41.1584,28.3737,12,1.14519e-16,1.25361e-16,12.3123,-0.18444,0.0626793,-1.04467e-17,-1.5708,-0.00509015,-0.014979,0,11095.2,14.9848,5.46988,-6.0682,452,101,389.885,277.268,26055.7,5.82139e+08,2.37634e+07,0,0,35,28.3737,28.3737,0.0631997,0.0124102,-1.84113,0.264959,0.125954,-2.03708,30,480,190,280,350
88190.3,4,0.5,0.8,302.235,-679.59,-41.005,299.841,-682.414,-41.0622,299.888,-682.388,-41.0601,28.7004,12,1.14519e-16,1.25361e-16,12.3436,-0.127094,0.114991,-1.04467e-17,-1.5708,-0.00931512,-0.010296,0,11186.1,14.9883,5.2625,-5.80908,458,85,429.735,253.52,30845.5,5.82967e+08,2.38633e+07,0,0,35,28.7004,28.7004,0.0980774,0.0189527,-1.85191,0.261185,0.119763,-2.03657,30,480,190,280,350
88622.3,4,0.5,0.8,307.425,-679.59,-41.005,304.861,-682.45,-40.8986,304.901,-682.481,-40.8889,28.9262,12,1.14519e-16,1.25361e-16,12.2762,-0.154501,0.205636,-1.04467e-17,-1.5708,-0.0167479,-0.0125848,0,11227.6,14.991,5.2336,-5.77167,524,31,570.873,194.768,76386.7,5.83226e+08,2.40127e+07,0,0,35,28.9262,28.9262,0.125998,0.018608,-1.84517,0.254542,0.108881,-2.03569,30,480,190,280,350
88926.3,4,0.5,0.8,310.995,-679.59,-41.005,309.413,-682.483,-41.0179,309.894,-682.449,-40.8233,29.397,12,1.14519e-16,1.25361e-16,12.3407,-0.0887069,0.194435,-1.04467e-17,-1.5708,-0.0157539,-0.00718803,0,11241.2,14.9929,5.49878,-6.09508,604,0,523.138,177.52,126141,5.84105e+08,2.42097e+07,0,0,35,29.397,29.397,0.154228,0.0287801,-1.85314,0.255431,0.110336,-2.03581,30,480,190,280,350
89294.4,4,0.5,0.8,315.465,-679.59,-41.005,314.665,-682.398,-41.0337,314.718,-682.469,-41.0278,29.8217,12,1.14519e-16,1.25361e-16,12.3056,-0.074155,0.00727694,-1.04467e-17,-1.5708,-0.000591342,-0.00602606,0,11246.1,14.9944,5.70317,-6.3469,654,51,627.283,220.675,175057,5.84914e+08,2.44578e+07,0,0,35,29.8217,29.8217,0.190167,0.0561978,-1.86295,0.268977,0.132551,-2.03764,30,480,190,280,350
89646.3,4,0.5,0.8,319.695,-679.59,-41.005,319.227,-682.486,-41.0375,319.376,-682.454,-41.0455,30.4782,12,1.14519e-16,1.25361e-16,12.1795,-0.0496245,-0.00712628,-1.04467e-17,-1.5708,0.000585098,-0.0040744,0,11248.4,14.9957,6.2664,-7.05214,652,137,584.775,314.89,170057,5.85595e+08,2.47006e+07,0,0,35,30.4782,30.4782,0.223639,0.079016,-1.91136,0.270028,0.134277,-2.03778,30,480,190,280,350
90062.3,4,0.5,0.8,324.645,-679.59,-41.005,324.417,-682.434,-40.9469,324.461,-682.461,-40.9657,30.5328,12,1.14519e-16,1.25361e-16,12.2096,-0.0355549,0.0531897,-1.04467e-17,-1.5708,-0.00435635,-0.00291204,0,11249.3,14.9967,6.60138,-7.47917,595,181,514.343,360.785,54911.5,5.8579e+08,2.48293e+07,0,0,35,30.5328,30.5328,0.234765,0.0904806,-1.95897,0.265615,0.12703,-2.03717,30,480,190,280,350
90526.3,4,0.5,0.8,330.195,-679.59,-41.005,329.197,-682.496,-41.0479,329.277,-682.465,-40.9387,30.4854,12,1.14519e-16,1.25361e-16,12.051,-0.0316096,0.0542161,-1.04467e-17,-1.5708,-0.00449886,-0.00262299,0,11249.7,14.9975,6.05859,-6.78994,494,177,393.128,365.052,1587.93,5.85996e+08,2.49065e+07,0,0,35,30.4854,30.4854,0.230412,0.102542,-2.01056,0.265487,0.126821,-2.03716,30,480,190,280,350
90870.3,4,0.5,0.8,334.335,-679.59,-41.005,334.022,-682.431,-41.0699,333.935,-682.453,-41.1016,30.3929,12,1.14519e-16,1.25361e-16,12.141,-0.0126653,-0.0699006,-1.04467e-17,-1.5708,0.00575736,-0.00104319,0,11207.1,14.9975,4.43907,-4.82099,423,175,354.125,337.528,4000.39,5.86497e+08,2.49861e+07,0,0,35,30.3929,30.3929,0.229124,0.116614,-2.02649,0.274645,0.141868,-2.03843,30,480,190,280,350
91294.4,4,0.5,0.8,339.465,-679.59,-41.005,338.991,-682.397,-41.0463,338.806,-682.429,-41.0975,30.0882,12,1.14519e-16,1.25361e-16,12.0823,0.00678488,-0.0493545,-1.04467e-17,-1.5708,0.00408483,0.000561553,0,10851.9,14.9917,4.9284,-5.42076,447,174,415.473,336.362,2349.68,5.87121e+08,2.50643e+07,0,0,35,30.0882,30.0882,0.236375,0.112044,-2.00425,0.273152,0.139413,-2.03822,30,480,190,280,350
91678.3,4,0.5,0.8,344.085,-679.59,-41.005,343.85,-682.395,-41.0314,343.639,-682.422,-41.0382,29.9418,12,1.14519e-16,1.25361e-16,12.0642,0.00631855,0.00334658,-1.04467e-17,-1.5708,-0.000277397,0.000523743,0,10993.6,14.9923,4.91005,-5.39166,477,187,428.682,351.492,1758.7,5.87737e+08,2.51419e+07,0,0,35,29.9418,29.9418,0.240783,0.106489,-1.99318,0.269257,0.133012,-2.03768,30,480,190,280,350
92078.3,4,0.5,0.8,348.825,-679.59,-41.005,348.506,-682.403,-41.048,348.545,-682.402,-41.0527,29.8698,12,1.14519e-16,1.25361e-16,12.1025,0.0169721,-0.00886597,-1.04467e-17,-1.5708,0.000732572,0.00140236,0,11141.7,14.9941,4.83098,-5.28969,484,186,424.428,347.609,1880.4,5.8837e+08,2.52187e+07,0,0,35,29.8698,29.8698,0.240169,0.107531,-1.99423,0.270159,0.134493,-2.0378,30,480,190,280,350
92558.3,4,0.5,0.8,354.585,-679.59,-41.005,353.474,-682.403,-41.0336,353.212,-682.405,-41.0422,30.0358,12,1.14519e-16,1.25361e-16,11.9789,0.00946843,0.000913787,-1.04467e-17,-1.5708,-7.62833e-05,0.000790428,0,8202.14,14.521,4.97408,-5.66064,485,189,447.379,351.52,4118.47,5.88502e+08,2.5298e+07,0,0,35,30.0358,30.0358,0.240875,0.108215,-1.99841,0.269437,0.133307,-2.0377,30,480,190,280,350
92902.3,4,0.5,0.8,358.785,-679.59,-41.005,358.055,-682.43,-41.044,358.126,-682.431,-41.0198,29.9727,12,1.14519e-16,1.25361e-16,12.0436,-0.012345,0.0162122,-1.04467e-17,-1.5708,-0.00134612,-0.00102502,0,8570.75,14.4422,5.12351,-5.81925,442,176,356.011,339.312,10702.8,5.89095e+08,2.53835e+07,0,0,35,29.9727,29.9727,0.235725,0.112563,-2.02629,0.268303,0.131444,-2.03754,30,480,190,280,350
93318.3,4,0.5,0.8,363.765,-679.59,-41.005,362.99,-682.368,-41.0466,362.806,-682.363,-41.0696,29.9658,12,1.14519e-16,1.25361e-16,12.0895,0.0402245,-0.0223552,-1.04467e-17,-1.5708,0.00184913,0.00332721,0,10116,14.5796,5.28549,-5.90227,464,190,446.143,354.737,895.784,5.89613e+08,2.54604e+07,0,0,35,29.9658,29.9658,0.242812,0.110935,-1.99823,0.271156,0.136132,-2.03794,30,480,190,280,350
93686.3,4,0.5,0.8,368.175,-679.59,-41.005,367.628,-682.394,-40.9723,367.858,-682.405,-40.9984,29.8689,12,1.14519e-16,1.25361e-16,12.0265,-0.00308818,0.0346931,-1.04467e-17,-1.5708,-0.00288471,-0.000256781,0,9831.8,14.5067,4.79009,-5.30723,493,200,442.434,356.617,2654.63,5.89786e+08,2.55382e+07,0,0,35,29.8689,29.8689,0.244571,0.10577,-1.99407,0.266929,0.129188,-2.03735,30,480,190,280,350
94062.3,4,0.5,0.8,372.675,-679.59,-41.005,372.528,-682.38,-40.9558,372.614,-682.397,-40.9353,29.857,12,1.14519e-16,1.25361e-16,12.0684,0.00290711,0.0682648,-1.04467e-17,-1.5708,-0.00565644,0.000240887,0,10400.5,14.5857,4.79615,-5.28344,439,187,385.658,347.725,9569.02,5.89928e+08,2.56238e+07,0,0,35,29.857,29.857,0.238016,0.106896,-2.01783,0.264453,0.125124,-2.03701,30,480,190,280,350
94470.3,4,0.5,0.8,377.565,-679.59,-41.005,377.263,-682.262,-41.0175,377.392,-682.326,-40.9709,29.8528,12,1.14519e-16,1.25361e-16,12.0413,0.0522996,0.024401,-1.04467e-17,-1.5708,-0.00202642,0.00434333,0,10888.5,14.6836,5.28144,-5.84883,401,214,353.873,381.063,35096.2,5.90576e+08,2.57336e+07,0,0,35,29.8528,29.8528,0.255176,0.11782,-2.01594,0.267696,0.130446,-2.03746,30,480,190,280,350
94894.3,4,0.5,0.8,382.665,-679.59,-41.005,382.191,-682.19,-40.9019,382.219,-682.149,-40.9332,29.9437,12,1.14519e-16,1.25361e-16,11.9815,0.159375,0.0504943,-1.04467e-17,-1.5708,-0.00421394,0.0133009,0,11101.2,14.7572,5.6669,-6.31125,463,197,448.424,363.825,3400.21,5.90788e+08,2.5812e+07,0,0,35,29.9437,29.9437,0.264,0.10363,-1.96408,0.265742,0.127239,-2.03719,30,480,190,280,350
95278.3,4,0.5,0.8,387.285,-679.59,-41.005,387.031,-682.277,-40.9235,386.721,-682.233,-40.905,29.9489,12,1.14519e-16,1.25361e-16,11.8336,0.0558818,0.0536567,-1.04467e-17,-1.5708,-0.0045342,0.00472228,0,10923.8,14.8111,5.16966,-5.71012,461,170,384.522,339.646,2737.63,5.91392e+08,2.58896e+07,0,0,35,29.9489,29.9489,0.256628,0.106381,-1.98429,0.265456,0.126769,-2.03715,30,480,190,280,350
95678.3,4,0.5,0.8,392.025,-679.59,-41.005,391.576,-682.294,-40.9956,391.383,-682.26,-40.9688,29.939,12,1.14519e-16,1.25361e-16,11.9814,0.0231066,-0.00477225,-1.04467e-17,-1.5708,0.000398305,0.00192854,0,11059.3,14.8542,4.70551,-5.14317,489,187,469.481,355.129,7883.57,5.91735e+08,2.59733e+07,0,0,35,29.939,29.939,0.261727,0.109177,-1.97018,0.269861,0.134003,-2.03776,30,480,190,280,350
96054.3,4,0.5,0.8,396.585,-679.59,-41.005,396.426,-682.365,-40.9982,396.192,-682.342,-40.9707,29.8374,12,1.14519e-16,1.25361e-16,11.7934,-0.0400262,-0.00193285,-1.04467e-17,-1.5708,0.000163891,-0.00339392,0,11166.8,14.8875,5.29181,-5.84587,473,189,403.574,360.096,3722.61,5.923e+08,2.60506e+07,0,0,35,29.8374,29.8374,0.258474,0.114012,-1.99143,0.269652,0.133659,-2.03773,30,480,190,280,350
96542.3,4,0.5,0.8,402.435,-679.59,-41.005,401.196,-682.364,-41.0153,401.163,-682.359,-41.0262,29.8453,12,1.14519e-16,1.25361e-16,11.9561,-0.0383852,-0.0393448,-1.04467e-17,-1.5708,0.00329074,-0.0032105,0,9854.69,14.7539,4.20453,-4.59678,480,191,449.073,346.976,2376.28,5.92906e+08,2.6129e+07,0,0,35,29.8453,29.8453,0.259963,0.115991,-1.98557,0.272443,0.138247,-2.03812,30,480,190,280,350
96982.3,4,0.5,0.8,407.715,-679.59,-41.005,406.097,-682.389,-41.0219,405.981,-682.395,-41.024,29.8251,12,1.14519e-16,1.25361e-16,11.979,-0.0530819,-0.0273047,-1.04467e-17,-1.5708,0.00227936,-0.00443123,0,10119.4,14.7578,4.92146,-5.45174,496,194,450.919,354.743,3788.97,5.9351e+08,2.62083e+07,0,0,35,29.8251,29.8251,0.260219,0.115668,-1.98748,0.27154,0.136763,-2.03799,30,480,190,280,350
97278.3,4,0.5,0.8,411.255,-679.59,-41.005,410.805,-682.42,-40.9468,410.907,-682.427,-40.9993,29.8041,12,1.14519e-16,1.25361e-16,12.0663,-0.0619395,-0.00145838,-1.04467e-17,-1.5708,0.000120862,-0.00513322,0,10793.6,14.8184,5.01523,-5.52904,494,194,451.519,350.21,1025.61,5.94133e+08,2.62852e+07,0,0,35,29.8041,29.8041,0.258938,0.115366,-1.99538,0.269613,0.133596,-2.03772,30,480,190,280,350
97678.3,4,0.5,0.8,416.085,-679.59,-41.005,415.744,-682.425,-40.9903,415.736,-682.443,-40.9555,29.9344,12,1.14519e-16,1.25361e-16,12.0775,-0.0561764,0.0258868,-1.04467e-17,-1.5708,-0.00214337,-0.00465129,0,10995.2,14.8589,4.91097,-5.3927,497,194,452.747,356.623,2528.02,5.94272e+08,2.63634e+07,0,0,35,29.9344,29.9344,0.258491,0.114457,-2.00047,0.267591,0.130275,-2.03744,30,480,190,280,350
98094.3,4,0.5,0.8,421.035,-679.59,-41.005,420.357,-682.417,-41.0736,420.487,-682.465,-41.0218,29.9502,12,1.14519e-16,1.25361e-16,12.0187,-0.0576444,-0.0267371,-1.04467e-17,-1.5708,0.00222459,-0.00479618,0,11130.5,14.8914,4.7528,-5.19659,438,181,350.593,342.414,12187.4,5.94859e+08,2.64506e+07,0,0,35,29.9502,29.9502,0.250044,0.124448,-2.03157,0.271492,0.136683,-2.03799,30,480,190,280,350
98494.3,4,0.5,0.8,425.805,-679.59,-41.005,425.15,-682.342,-41.019,425.306,-682.355,-41.1288,30.0282,12,1.14519e-16,1.25361e-16,12.04,0.0350898,-0.0920144,-1.04467e-17,-1.5708,0.00764224,0.00291444,0,11200.6,14.9163,5.17202,-5.69827,459,201,441.446,358.023,1015.79,5.95479e+08,2.65274e+07,0,0,35,30.0282,30.0282,0.257508,0.123423,-1.99918,0.276328,0.144637,-2.03867,30,480,190,280,350
98862.3,4,0.5,0.8,430.245,-679.59,-41.005,430.148,-682.389,-41.0511,429.961,-682.371,-41.0532,29.9962,12,1.14519e-16,1.25361e-16,12.0754,0.0124759,-0.0207894,-1.04467e-17,-1.5708,0.00172162,0.00103317,0,11106.5,14.9332,4.53767,-4.94145,488,206,446.567,364.904,3307.38,5.95994e+08,2.66066e+07,0,0,35,29.9962,29.9962,0.258903,0.116006,-1.99227,0.271042,0.135945,-2.03792,30,480,190,280,350
99270.3,4,0.5,0.8,435.195,-679.59,-41.005,435.007,-682.389,-40.9511,434.809,-682.415,-41.0064,30.0746,12,1.14519e-16,1.25361e-16,11.948,-0.0217703,0.0195771,-1.04467e-17,-1.5708,-0.00163852,-0.00182208,0,10895,14.9389,4.80499,-5.26981,479,200,435.668,356.696,1821.45,5.96569e+08,2.66844e+07,0,0,35,30.0746,30.0746,0.253392,0.113507,-2.00305,0.268042,0.131015,-2.03751,30,480,190,280,350
99678.3,4,0.5,0.8,440.025,-679.59,-41.005,439.652,-682.385,-40.9019,439.87,-682.398,-40.9329,30.1386,12,1.14519e-16,1.25361e-16,12.1344,-0.00514204,0.0620783,-1.04467e-17,-1.5708,-0.00511586,-0.000423759,0,10939.7,14.9483,4.81977,-5.2855,465,198,418.674,356.239,3718.07,5.96716e+08,2.67613e+07,0,0,35,30.1386,30.1386,0.251499,0.109574,-2.00432,0.264936,0.125917,-2.03708,30,480,190,280,350
100126,4,0.5,0.8,445.425,-679.59,-41.005,444.456,-682.428,-40.8433,444.469,-682.425,-40.8344,30.1341,12,1.14519e-16,1.25361e-16,11.9828,-0.0248429,0.112929,-1.04467e-17,-1.5708,-0.00942391,-0.0020732,0,11092.7,14.9598,4.91643,-5.39463,409,188,314.029,349.991,24918.5,5.97287e+08,2.68591e+07,0,0,35,30.1341,30.1341,0.24347,0.110106,-2.033,0.261088,0.119604,-2.03656,30,480,190,280,350
100494,4,0.5,0.8,449.835,-679.59,-41.005,449.179,-681.438,-40.0988,449.317,-682.208,-40.5215,29.9971,12,1.14519e-16,1.25361e-16,12.0138,0.141501,0.309219,-1.04467e-17,-1.5708,-0.0257312,0.0117777,0,11185.3,14.969,5.56789,-6.1835,493,0,506.342,105.295,134789,5.97934e+08,2.70681e+07,0,0,35,29.9971,29.9971,0.153758,0.0360102,-1.95445,0.24651,0.095745,-2.03466,30,480,190,280,350
101030,4,0.5,0.8,456.285,-679.59,-41.005,453.94,-682.275,-40.7134,453.507,-680.814,-39.8013,31.5907,12,1.14519e-16,1.25361e-16,11.5774,1.04303,0.703829,-1.04467e-17,-1.5708,-0.060474,0.0898493,0,11223,14.976,5.90417,-6.59843,492,0,384.332,281.679,21797,5.98173e+08,2.71561e+07,0,0,35,31.5907,31.5907,0.181027,-0.00455431,-1.87224,0.21541,0.0450927,-2.03102,30,480,190,280,350
101278,4,0.5,0.8,459.285,-679.59,-41.005,458.638,-682.408,-40.9311,458.898,-682.399,-41.0353,30.4517,12,1.14519e-16,1.25361e-16,11.9531,-0.281012,-0.319006,-1.04467e-17,-1.5708,0.0266744,-0.0235052,0,11241,14.9815,5.19568,-5.72489,380,60,290.868,224.993,81914.6,5.98367e+08,2.73127e+07,0,0,35,30.4517,30.4517,0.210518,0.126991,-2.01968,0.293304,0.172635,-2.04119,30,480,190,280,350
101654,4,0.5,0.8,463.785,-679.59,-41.005,463.545,-682.402,-41.1192,463.511,-682.448,-41.1414,30.5104,12,1.14519e-16,1.25361e-16,11.9776,-0.236883,-0.31751,-1.04467e-17,-1.5708,0.0264973,-0.0197746,0,11246.1,14.9856,5.71991,-6.36764,332,117,285.149,288.054,76283.4,5.99036e+08,2.74633e+07,0,0,35,30.5104,30.5104,0.246784,0.143379,-2.01885,0.293146,0.172374,-2.04117,30,480,190,280,350
102174,4,0.5,0.8,470.025,-679.59,-41.005,468.345,-682.384,-41.0635,468.32,-682.405,-41.1309,30.2509,12,1.14519e-16,1.25361e-16,11.9869,-0.1405,-0.219152,-1.04467e-17,-1.5708,0.0182792,-0.0117206,0,11248.4,14.989,5.99353,-6.70843,399,159,429.375,331.112,11428,5.99753e+08,2.75499e+07,0,0,35,30.2509,30.2509,0.273053,0.130584,-1.9669,0.285818,0.160273,-2.04006,30,480,190,280,350
102502,4,0.5,0.8,473.925,-679.59,-41.005,473.121,-682.439,-41.0404,473.201,-682.445,-41.0607,30.0582,12,1.14519e-16,1.25361e-16,12.0477,-0.130479,-0.110341,-1.04467e-17,-1.5708,0.00915789,-0.0108298,0,11248.4,14.9915,5.46831,-6.05724,498,194,470.55,365.131,5923.34,6.00473e+08,2.76312e+07,0,0,35,30.0582,30.0582,0.284531,0.118165,-1.94255,0.27768,0.146863,-2.03887,30,480,190,280,350
102878,4,0.5,0.8,478.455,-679.59,-41.005,477.784,-682.458,-41.0363,477.807,-682.47,-41.0651,30.1711,12,1.14519e-16,1.25361e-16,11.8998,-0.111132,-0.083288,-1.04467e-17,-1.5708,0.00699869,-0.00933866,0,11247.8,14.9934,5.27404,-5.81982,529,212,473.18,378.685,22011.3,6.00633e+08,2.77281e+07,0,0,35,30.1711,30.1711,0.281913,0.11638,-1.94678,0.275753,0.143691,-2.03859,30,480,190,280,350
103270,4,0.5,0.8,483.195,-679.59,-41.005,482.656,-682.47,-41.0775,482.646,-682.493,-41.0434,30.3293,12,1.14519e-16,1.25361e-16,11.9603,-0.0971618,-0.0459043,-1.04467e-17,-1.5708,0.0038379,-0.00812349,0,11248.8,14.9949,5.57987,-6.19441,465,205,366.408,380.766,3190.71,6.01255e+08,2.78063e+07,0,0,35,30.3293,30.3293,0.268629,0.12148,-1.98974,0.272932,0.139051,-2.03819,30,480,190,280,350
103678,4,0.5,0.8,488.055,-679.59,-41.005,487.383,-682.39,-41.0753,487.532,-682.417,-41.1185,30.2603,12,1.14519e-16,1.25361e-16,12.034,-0.0151772,-0.0840259,-1.04467e-17,-1.5708,0.00698227,-0.0012612,0,11174.4,14.993,4.70719,-5.14025,481,227,443.567,383.301,5155.24,6.01933e+08,2.7887e+07,0,0,35,30.2603,30.2603,0.270006,0.117378,-1.96465,0.275739,0.143667,-2.03859,30,480,190,280,350
104150,4,0.5,0.8,493.695,-679.59,-41.005,492.511,-682.384,-41.1001,492.329,-682.397,-41.1002,30.3217,12,1.14519e-16,1.25361e-16,12.0361,0.000995521,-0.0503375,-1.04467e-17,-1.5708,0.00418219,8.27113e-05,0,11191.9,14.9939,5.02052,-5.51535,502,219,450.511,382.2,11318.8,6.02597e+08,2.79739e+07,0,0,35,30.3217,30.3217,0.264507,0.111206,-1.9607,0.273239,0.139556,-2.03823,30,480,190,280,350
104470,4,0.5,0.8,497.535,-679.59,-41.005,497.15,-682.427,-41.0781,496.911,-682.39,-41.1425,30.5339,12,1.14519e-16,1.25361e-16,11.9926,0.00512943,-0.0669729,-1.04467e-17,-1.5708,0.00558446,0.000427715,0,11222.1,14.9953,5.27419,-5.82138,508,197,445.375,360.462,18426.1,6.03114e+08,2.80677e+07,0,0,35,30.5339,30.5339,0.25656,0.112069,-1.96947,0.274491,0.141615,-2.03841,30,480,190,280,350
104942,4,0.5,0.8,503.205,-679.59,-41.005,501.954,-682.504,-40.9504,501.882,-682.456,-41.0485,30.3695,12,1.14519e-16,1.25361e-16,11.9751,-0.041781,0.0163766,-1.04467e-17,-1.5708,-0.00136755,-0.00348899,0,11238.2,14.9963,5.44586,-6.03029,485,198,410.527,358.499,1226.28,6.03722e+08,2.81448e+07,0,0,35,30.3695,30.3695,0.251184,0.110014,-1.99364,0.268284,0.131413,-2.03754,30,480,190,280,350
105286,4,0.5,0.8,507.345,-679.59,-41.005,506.938,-682.56,-40.8533,506.825,-682.547,-40.8813,30.2386,12,1.14519e-16,1.25361e-16,12.0799,-0.0911788,0.124092,-1.04467e-17,-1.5708,-0.0102719,-0.00754783,0,11214.9,14.9969,4.93827,-5.41517,471,198,421.188,359.565,1038.93,6.04334e+08,2.82218e+07,0,0,35,30.2386,30.2386,0.248973,0.103606,-2.00536,0.26033,0.118362,-2.03646,30,480,190,280,350
105670,4,0.5,0.8,511.935,-679.59,-41.005,511.523,-682.542,-40.8952,511.799,-682.584,-40.8373,30.1296,12,1.14519e-16,1.25361e-16,12.1732,-0.0901721,0.117241,-1.04467e-17,-1.5708,-0.00963056,-0.00740732,0,10251.5,14.972,4.38378,-4.79376,469,185,425.132,346.311,705.946,6.04963e+08,2.82986e+07,0,0,35,30.1296,30.1296,0.245431,0.103336,-2.00763,0.260903,0.119301,-2.03653,30,480,190,280,350
