Time,Sequence,world_x_gt,world_y_gt,world_z_gt,world_x_perception,world_y_perception,world_z_perception,world_x_kf,world_y_kf,world_z_kf,d_gt,v_x_kf,v_y_kf,v_z_kf,pitch_gt,yaw_gt,pitch_perception,yaw_perception,focal_length,focus_distance,aperture,dn,df,im_u,im_v_up,im_v_center,im_v_down,cost,Jp,Jim,JDoF,Jf,focal_length_d,dn_d,df_d,relative_roll,relative_pitch,relative_yaw,relative_roll_d,relative_pitch_d,relative_yaw_d,d_d,im_u_d,im_v_up_d,im_v_center_d,im_v_down_d
842,0,1.97943,-9.84955,-0.887659,1.99972,-9.8877,-0.86617,1.83027,-9.04987,-0.792776,10.0465,0.648273,-3.20542,-0.280797,-0,1.5708,-0,1.5708,35,122671,20.05,1.22075,-1.22318,766,205.348,283.478,458.49,31717.1,4.8721e-13,22073.5,251.236,0,35,6.2331,12.2331,0,0,3.14159,0,-0,-3.14159,-1,480,180,360,-1
1232,0,1.97943,-9.84955,-0.887659,1.99514,-9.8827,-0.90346,2.14272,-10.608,-0.95885,10.0493,0.646895,-3.20676,-0.298487,-0,1.5708,-0,1.5708,35,99458.1,19.9925,1.22398,-1.227,761.463,214.391,280.982,430.144,32653.8,8.85541,21662,435.824,0,35,7.82568,13.8257,-3.0317e-05,0.0122776,3.13912,0,-0,-3.14159,-1,480,180,360,-1
1632,0,1.97943,-9.84955,-0.887659,2.00348,-9.87682,-0.88519,2.16859,-10.6998,-0.96351,10.0337,0.463774,-2.27387,-0.20835,-0,1.5708,-0,1.5708,35,99990.1,19.9999,1.22354,-1.22654,755.962,234.028,300.071,448.006,30768.3,15.2312,20666.3,446.531,0,35,7.90584,13.9058,-0.000104308,0.0209573,3.13662,0,-0,-3.14159,-1,480,180,360,-1
2032,0,1.97943,-9.84955,-0.887659,2.00039,-9.86951,-0.856385,2.1054,-10.3612,-0.907855,9.99907,0.328524,-1.59818,-0.129338,-0,1.5708,-0,1.5708,35,99999.9,20,1.22353,-1.22653,748.23,239.999,308.357,461.478,29152,15.8671,19553.6,397.171,0,35,7.52569,13.5257,-0.000145731,0.021379,3.13478,0,-0,-3.14159,-1,480,180,360,-1
2432,0,1.97943,-9.84955,-0.887659,2.00683,-9.85552,-0.84673,2.08109,-10.2154,-0.88002,9.94042,0.218692,-1.04629,-0.0729847,-0,1.5708,-0,1.5708,35,100000,20,1.22353,-1.22653,736.78,238.724,308.355,464.329,26522.4,15.1141,18012.9,371.499,0,35,7.31861,13.3186,-0.000170603,0.019502,3.13285,0,-0,-3.14159,-1,480,180,360,-1
2832,0,1.97943,-9.84955,-0.887659,1.99717,-9.83871,-0.844056,2.04554,-10.0669,-0.861143,9.84292,0.138787,-0.678776,-0.0415295,-0,1.5708,-0,1.5708,35,100000,20,1.22353,-1.22653,719.323,233.999,305.218,464.747,23624.4,13.4177,15798.1,341.59,0,35,7.0681,13.0681,-0.000164129,0.0159374,3.1313,0,-0,-3.14159,-1,480,180,360,-1
3232,0,1.97943,-9.84955,-0.887659,2.00115,-9.81837,-0.872631,2.036,-9.97663,-0.881302,9.7256,0.0916715,-0.423957,-0.0428994,-0,1.5708,-0,1.5708,35,100000,20,1.22353,-1.22653,702.876,227.204,299.792,462.387,21170.5,13.0468,13881.8,317.72,0,35,6.8602,12.8602,-0.000166122,0.0143978,3.13006,0,-0,-3.14159,-1,480,180,360,-1
3632,0,1.97943,-9.84955,-0.887659,2.01519,-9.81667,-0.858552,2.03301,-9.90715,-0.864257,9.57998,0.0673931,-0.274055,-0.0220188,-0,1.5708,-0,1.5708,35,100000,20,1.22353,-1.22653,685.222,229.948,304.018,469.936,18662.3,14.1888,11936.3,293.897,0,35,6.64476,12.6448,-0.000196705,0.0156248,3.129,0,-0,-3.14159,-1,480,180,360,-1
4032,0,1.97943,-9.84955,-0.887659,2.00018,-9.79613,-0.85103,2.01345,-9.85422,-0.85599,9.36557,0.0389318,-0.173923,-0.0113559,-0,1.5708,-0,1.5708,35,100000,20,1.22353,-1.22653,663.834,228.522,304.346,474.193,15954.3,13.7299,9811.66,268.222,0,35,6.40254,12.4025,-0.000186305,0.0147376,3.12895,0,-0,-3.14159,-1,480,180,360,-1
4432,0,1.97943,-9.84955,-0.887659,1.99978,-9.78797,-0.865822,2.0063,-9.82627,-0.87143,9.12296,0.0244176,-0.10955,-0.0176914,-0,1.5708,-0,1.5708,35,100000,20,1.22353,-1.22653,638.344,224.506,302.658,477.719,13117.5,13.7029,7585.43,238.083,0,35,6.1029,12.1029,-0.000185669,0.0146873,3.12895,0,-0,-3.14159,-1,480,180,360,-1
4832,0,1.97943,-9.84955,-0.887659,1.99743,-9.76456,-0.849679,2.0009,-9.78856,-0.854819,8.8264,0.0148597,-0.0559404,-0.00188647,-0,1.5708,-0,1.5708,35,100000,20,1.22353,-1.22653,614.026,227.609,308.607,490.042,10473.2,14.5625,5717.71,206.474,0,35,5.76747,11.7675,-0.000205518,0.0162576,3.12895,0,-0,-3.14159,-1,480,180,360,-1
5232,0,1.97943,-9.84955,-0.887659,1.99592,-9.75064,-0.853193,2.00055,-9.76409,-0.854028,8.44172,0.0103873,-0.0249514,-0.000776224,-0,1.5708,-0,1.5708,35,100000,20,1.22353,-1.22653,586.525,223.09,307.92,497.938,7855.23,13.5893,3979.15,170.931,0,35,5.35792,11.3579,-0.000182982,0.0144748,3.12895,0,-0,-3.14159,-1,480,180,360,-1
5632,0,1.97943,-9.84955,-0.887659,2.00105,-9.76074,-0.827985,2.00291,-9.7618,-0.828209,8.01069,0.00926791,-0.017887,0.0162166,-0,1.5708,-0,1.5708,35,100000,20,1.22353,-1.22653,559.33,225.216,314.58,514.756,5597.82,13.5371,2600.19,136.924,0,35,4.92386,10.9239,-0.000181741,0.0143766,3.12895,0,-0,-3.14159,-1,480,180,360,-1
6032,0,1.97943,-9.84955,-0.887659,1.99945,-9.73786,-0.85372,2.00224,-9.74686,-0.852259,7.52404,0.00621144,-0.00228498,-0.00320352,-0,1.5708,-0,1.5708,35,100000,20,1.22353,-1.22653,534.897,213.241,308.572,522.112,3804.53,10.8641,1690.87,102.312,0,35,4.42216,10.4222,-0.000117799,0.0111956,3.13107,0,-0,-3.14159,-1,480,180,360,-1
6442,0,1.97943,-9.84955,-0.887659,1.97881,-9.74222,-0.835412,1.97992,-9.7419,-0.838294,6.94351,-0.010338,0.00154881,0.00723901,-0,1.5708,-0,1.5708,35,100000,20,1.22353,-1.22653,504.883,218.105,321.555,553.284,2162.96,12.7045,887.286,68.2006,0,35,3.83506,9.83506,-0.000132046,0.0159438,3.13331,0,-0,-3.14159,-1,480,180,360,-1
6852,0,1.97943,-9.84955,-0.887659,1.99046,-9.72451,-0.835604,1.98794,-9.72315,-0.833185,6.24454,-0.00262423,0.0126701,0.00840022,-0,1.5708,-0,1.5708,35,100000,20,1.22353,-1.22653,488.168,207.258,320.523,574.237,1313.04,8.7681,592.035,40.7543,0,35,3.2423,9.2423,-4.92594e-05,0.0116578,3.13737,0,-0,-3.14159,-1,480,180,360,-1
7252,0,1.97943,-9.84955,-0.887659,1.99815,-9.74099,-0.841439,1.99611,-9.74612,-0.838243,5.59902,0.00395405,-0.00418147,0.00215644,-0,1.5708,-0,1.5708,35,100000,20,1.22353,-1.22653,469.912,200.163,327.27,611.99,757.321,9.82885,394.894,17.9261,0,35,2.56242,8.56242,-2.56789e-05,0.0137746,3.13973,0,-0,-3.14159,-1,480,180,360,-1
7652,0,1.97943,-9.84955,-0.887659,2.00736,-9.8007,-0.811814,2.00716,-9.8017,-0.816244,4.9142,0.0102785,-0.038279,0.0166231,-0,1.5708,-0,1.5708,35,100000,20,1.22353,-1.22653,458.219,197.63,342.977,668.552,404.073,11.2029,268.757,4.11097,0,35,1.8647,7.8647,-5.43812e-06,0.0158398,3.14125,0,-0,-3.14159,-1,480,180,360,-1
8032,0,1.97943,-9.84955,-0.887659,1.98856,-9.76705,-0.82579,1.99525,-9.77796,-0.83217,4.26601,-0.00160005,-0.0114002,0.00448711,-0,1.5708,-0,1.5708,35,100000,20,1.22353,-1.22653,446.96,178.86,344.667,716.075,373.121,8.77942,331.685,0.0174054,0,35,1.26525,7.26525,-2.46176e-06,0.0124145,3.14139,0,-0,-3.14159,-1,480,180,360,-1
8442,0,1.97943,-9.84955,-0.887659,1.99241,-9.79227,-0.826629,1.99311,-9.78539,-0.821328,3.80789,-0.00286637,-0.0159684,0.0090256,-0,1.5708,-0,1.5708,35,100000,20,1.22353,-1.22653,446.728,190.549,379.519,802.812,470.468,12.5264,399.827,2.31723,0,35,0.742156,6.74216,1.41663e-05,0.0176971,-3.14079,0,-0,-3.14159,-1,480,180,360,-1
8842,0,1.97943,-9.84955,-0.887659,1.9902,-9.76539,-0.813827,1.99042,-9.7661,-0.81333,3.51745,-0.00402778,0.000519969,0.0123082,-0,1.5708,-0,1.5708,35,100000,20,1.22353,-1.22653,454.776,185.538,391.51,852.886,533.425,3.12818,407.358,6.24356,0,35,0.43337,6.43337,3.81267e-06,0.00433564,-3.14071,0,-0,-3.14159,-1,480,180,360,-1
9252,0,1.97943,-9.84955,-0.887659,2.00032,-9.76231,-0.828774,1.99428,-9.76257,-0.823541,3.36247,0.00089451,0.00275121,0.00159154,-0,1.5708,-0,1.5708,35,100000,20,1.22353,-1.22653,469.334,163.155,378.565,861.085,350.54,4.8889,185.55,8.85635,0,35,0.28245,6.28245,-6.03058e-06,-0.0068578,-3.14071,0,-0,-3.14159,-1,480,180,360,-1
9642,0,1.97943,-9.84955,-0.887659,1.98957,-9.75436,-0.843585,1.99009,-9.75434,-0.841852,3.36386,-0.00215227,0.00752026,-0.0110939,-0,1.5708,-0,1.5708,35,100000,20,1.22353,-1.22653,474.876,155.007,371.313,855.837,344.962,4.2174,188.221,9.11473,0,35,0.268821,6.26882,1.06326e-05,-0.00566082,3.13971,0,-0,-3.14159,-1,480,180,360,-1
10042,0,1.97943,-9.84955,-0.887659,1.98685,-9.7448,-0.860031,1.98561,-9.7425,-0.861138,3.46358,-0.00425358,0.0129576,-0.0208655,-0,1.5708,-0,1.5708,35,100000,20,1.22353,-1.22653,482.934,154.595,365.257,837.14,266.655,0.415077,161.449,7.51873,0,35,0.356426,6.35643,1.69681e-07,-0.000377392,3.14114,0,-0,-3.14159,-1,480,180,360,-1
10442,0,1.97943,-9.84955,-0.887659,1.97722,-9.74121,-0.836156,1.97608,-9.73897,-0.848909,3.63641,-0.00921502,0.0118509,-0.00491983,-0,1.5708,-0,1.5708,35,100000,20,1.22353,-1.22653,484.624,166.717,368.259,819.715,121.323,2.66119,61.2194,5.11575,0,35,0.508287,6.50829,-1.18187e-06,0.00375027,3.14128,0,-0,-3.14159,-1,480,180,360,-1
10842,0,1.97943,-9.84955,-0.887659,1.9909,-9.71595,-0.845027,1.98921,-9.71217,-0.844046,3.81851,0.00143693,0.0258285,-0.00108251,-0,1.5708,-0,1.5708,35,100000,20,1.22353,-1.22653,491.911,170.796,363.161,794.059,90.7908,2.87347,56.6727,3.00047,0,35,0.675766,6.67577,-1.27678e-06,0.00405147,3.14128,0,-0,-3.14159,-1,480,180,360,-1
11242,0,1.97943,-9.84955,-0.887659,1.98962,-9.72523,-0.853946,1.99145,-9.71924,-0.854695,3.98264,0.00228274,0.0143868,-0.00771397,-0,1.5708,-0,1.5708,35,100000,20,1.22353,-1.22653,492.113,169.822,353.373,764.527,90.0382,2.87347,62.6869,1.37823,0,35,0.852287,6.85229,-1.27678e-06,0.00405147,3.14128,0,-0,-3.14159,-1,480,180,360,-1
11642,0,1.97943,-9.84955,-0.887659,1.99565,-9.71955,-0.859616,1.99512,-9.71728,-0.859511,4.11832,0.00426322,0.0118465,-0.00909183,-0,1.5708,-0,1.5708,35,100000,20,1.22353,-1.22653,491.801,171.177,348.568,745.924,131.387,2.87347,86.9553,0.564003,0,35,0.986044,6.98604,-1.27678e-06,0.00405147,3.14128,0,-0,-3.14159,-1,480,180,360,-1
12032,0,1.97943,-9.84955,-0.887659,1.99491,-9.71914,-0.863809,1.99532,-9.71873,-0.867868,4.21975,0.00341694,0.00842736,-0.0114132,-0,1.5708,-0,1.5708,35,100000,20,1.22353,-1.22653,490.448,168.842,341.769,729.124,184.218,5.66925,141.505,0.181442,0,35,1.08883,7.08883,-2.52469e-06,0.00801135,3.14128,0,-0,-3.14159,-1,480,180,360,-1
12442,0,1.97943,-9.84955,-0.887659,1.996,-9.72068,-0.839077,1.99548,-9.71913,-0.859965,4.27358,0.00301206,0.00524012,0.00690201,-0,1.5708,-0,1.5708,35,100000,20,1.22353,-1.22653,489.759,177.838,348.502,730.789,93.2579,8.81961,56.8707,0.0651179,0,35,1.14284,7.14284,-3.92938e-06,0.0124689,3.14128,0,-0,-3.14159,-1,480,180,360,-1
12842,0,1.97943,-9.84955,-0.887659,1.99676,-9.72377,-0.848389,1.9974,-9.72176,-0.846105,4.30265,0.00318014,0.00241912,0.00447856,-0,1.5708,-0,1.5708,35,100000,20,1.22353,-1.22653,490.004,184.742,354.113,733.506,58.2085,9.05642,25.1646,0.0241136,0,35,1.17443,7.17443,-4.03494e-06,0.0128039,3.14128,0,-0,-3.14159,-1,480,180,360,-1
13252,0,1.97943,-9.84955,-0.887659,1.99769,-9.72578,-0.83123,1.99756,-9.72474,-0.83141,4.31943,0.00272875,-0.000205402,0.0131899,-0,1.5708,-0,1.5708,35,100000,20,1.22353,-1.22653,489.843,191.608,360.239,737.973,91.5552,9.05642,57.907,0.00947313,0,35,1.19275,7.19275,-4.03494e-06,0.0128039,3.14128,0,-0,-3.14159,-1,480,180,360,-1
13642,0,1.97943,-9.84955,-0.887659,1.99528,-9.72661,-0.83518,1.99653,-9.72689,-0.831349,4.32781,0.00117495,-0.0015074,0.0094402,-0,1.5708,-0,1.5708,35,100000,20,1.22353,-1.22653,489.378,193.327,361.512,738.248,102.277,9.05642,66.3915,0.00387117,0,35,1.20386,7.20386,-4.03494e-06,0.0128039,3.14128,0,-0,-3.14159,-1,480,180,360,-1
14042,0,1.97943,-9.84955,-0.887659,1.99254,-9.72759,-0.827857,1.99337,-9.72748,-0.828169,4.324,-0.00127395,-0.00159705,0.00956639,-0,1.5708,-0,1.5708,35,100000,20,1.22353,-1.22653,487.985,176.236,344.489,721.376,123.753,3.83519,76.1256,0.00445415,0,35,1.20243,7.20243,-1.70637e-06,0.00541462,3.14128,0,-0,-3.14159,-1,480,180,360,-1
14442,0,1.97943,-9.84955,-0.887659,1.99473,-9.7279,-0.852968,1.9949,-9.7282,-0.850124,4.29727,-5.08549e-05,-0.00162464,-0.00757678,-0,1.5708,-0,1.5708,35,100000,20,1.22353,-1.22653,487.16,164.888,334.218,713.518,334.671,5.97244,236.086,0.022977,0,35,1.1756,7.1756,-2.65991e-06,0.00844045,3.14128,0,-0,-3.14159,-1,480,180,360,-1
14832,0,1.97943,-9.84955,-0.887659,1.99653,-9.72433,-0.845426,1.99753,-9.72545,-0.844525,4.24557,0.00135939,0.000787603,-0.00276123,-0,1.5708,-0,1.5708,35,100000,20,1.22353,-1.22653,486.079,170.286,341.853,726.162,155.461,11.0911,115.161,0.105559,0,35,1.12079,7.12079,-4.94191e-06,0.0156822,3.14128,0,-0,-3.14159,-1,480,180,360,-1
15232,0,1.97943,-9.84955,-0.887659,2.00275,-9.72665,-0.845541,2.00338,-9.72769,-0.846282,4.16665,0.00485861,-0.000738196,-0.00328944,-0,1.5708,-0,1.5708,35,100000,20,1.22353,-1.22653,485.99,166.821,341.229,731.903,181.621,12.5015,131.601,0.289037,0,35,1.05352,7.05352,-5.57053e-06,0.0176772,3.14128,0,-0,-3.14159,-1,480,180,360,-1
15632,0,1.97943,-9.84955,-0.887659,1.99134,-9.722,-0.845095,1.99338,-9.72393,-0.845417,4.09041,-0.00343127,0.00224717,-0.00178102,-0,1.5708,-0,1.5708,35,100000,20,1.22353,-1.22653,480.406,167.157,345.495,744.973,281.882,15.3634,93.8287,0.674382,0,35,0.963843,6.96384,-6.84599e-06,0.0217252,3.14128,0,-0,-3.14159,-1,480,180,360,-1
16032,0,1.97943,-9.84955,-0.887659,1.99373,-9.72675,-0.836549,1.9939,-9.72684,-0.838342,4.02398,-0.00238196,-0.000114327,0.00361529,-0,1.5708,-0,1.5708,35,100000,20,1.22353,-1.22653,479.288,162.668,343.701,749.216,272.332,16.2378,141.517,1.01643,0,35,0.904717,6.90472,-7.23569e-06,0.0229621,3.14128,0,-0,-3.14159,-1,480,180,360,-1
16442,0,1.97943,-9.84955,-0.887659,1.99405,-9.7192,-0.811059,1.99455,-9.71926,-0.810119,3.9891,-0.0017137,0.00476442,0.0205915,-0,1.5708,-0,1.5708,35,100000,20,1.22353,-1.22653,478.692,170.129,353.399,763.925,95.3963,17.5927,24.4714,1.3443,0,35,0.856885,6.85688,-7.83945e-06,0.0248785,3.14128,0,-0,-3.14159,-1,480,180,360,-1
16842,0,1.97943,-9.84955,-0.887659,1.99333,-9.72013,-0.819766,1.99331,-9.71975,-0.814793,3.96538,-0.00220169,0.00347317,0.0121707,-0,1.5708,-0,1.5708,35,100000,20,1.22353,-1.22653,477.737,168.203,352.578,765.578,121.255,17.6966,48.5752,1.51921,0,35,0.833761,6.83376,-7.88577e-06,0.0250255,3.14128,0,-0,-3.14159,-1,480,180,360,-1
17242,0,1.97943,-9.84955,-0.887659,1.99435,-9.72001,-0.816066,1.99378,-9.71871,-0.814125,3.95139,-0.00136996,0.00323211,0.00992693,-0,1.5708,-0,1.5708,35,100000,20,1.22353,-1.22653,477.629,168.179,353.261,767.845,91.4946,16.9261,35.0611,1.63469,0,35,0.819219,6.81922,-7.54242e-06,0.0239357,3.14128,0,-0,-3.14159,-1,480,180,360,-1
17632,0,1.97943,-9.84955,-0.887659,1.99494,-9.71833,-0.818749,1.99389,-9.71805,-0.817223,3.94496,-0.00069685,0.00286993,0.00528957,-0,1.5708,-0,1.5708,35,100000,20,1.22353,-1.22653,477.523,168.407,353.851,769.245,91.9952,16.8637,33.7116,1.69543,0,35,0.811776,6.81178,-7.51458e-06,0.0238473,3.14128,0,-0,-3.14159,-1,480,180,360,-1
18052,0,1.97943,-9.84955,-0.887659,1.98999,-9.71971,-0.821855,1.99228,-9.71985,-0.818631,3.94062,-0.00282173,0.000942105,0.00110425,-0,1.5708,-0,1.5708,35,100000,20,1.22353,-1.22653,476.835,169.357,354.907,770.539,86.2206,16.8637,28.4078,1.71337,0,35,0.809604,6.8096,-7.51458e-06,0.0238473,3.14128,0,-0,-3.14159,-1,480,180,360,-1
18442,0,1.97943,-9.84955,-0.887659,1.99277,-9.72111,-0.820939,1.99168,-9.72061,-0.820651,3.93855,-0.00133894,6.91666e-05,0.000918565,-0,1.5708,-0,1.5708,35,100000,20,1.22353,-1.22653,476.557,169.735,355.354,771.139,82.9709,16.8637,26.4251,1.72504,0,35,0.808196,6.8082,-7.51458e-06,0.0238473,3.14128,0,-0,-3.14159,-1,480,180,360,-1
18832,0,1.97943,-9.84955,-0.887659,1.99561,-9.7199,-0.826364,1.99485,-9.71956,-0.826188,3.93735,0.00126007,0.000678462,-0.00301919,-0,1.5708,-0,1.5708,35,100000,20,1.22353,-1.22653,477.702,168.5,354.226,770.253,93.5154,16.8637,33.1599,1.74351,0,35,0.805979,6.80598,-7.51458e-06,0.0238473,3.14128,0,-0,-3.14159,-1,480,180,360,-1
19232,2,1.97943,-9.84955,-0.887659,1.99838,-9.72093,-0.822993,1.99749,-9.72076,-0.823281,3.93675,0.0029359,-0.000263049,-0.000517929,-0,1.5708,-0,1.5708,35,100000,20,1.22353,-1.22653,478.657,170.22,355.926,771.906,284.23,16.8637,47.907,1.73996,12.5,40,0.806404,53.8064,-7.51458e-06,0.0238473,3.14128,0,-0,-3.14159,-1,480,180,360,-1
19632,2,1.97943,-9.84955,-0.887659,1.99304,-9.72144,-0.824419,1.99419,-9.72149,-0.824442,3.93631,-1.29062e-05,-0.000663264,-0.00115155,-0,1.5708,-0,1.5708,35,100000,20,1.22353,-1.22653,477.414,170.281,355.971,771.917,699.577,16.8637,47.3248,1.73727,50,45,0.806727,53.8067,-7.51458e-06,0.0238473,3.14128,0,-0,-3.14159,-1,480,180,360,-1
20032,2,1.97943,-9.84955,-0.887659,1.99308,-9.72207,-0.822953,1.99378,-9.7221,-0.823691,3.93548,-0.000348222,-0.000922826,-0.000349657,-0,1.5708,-0,1.5708,35,100000,20,1.22353,-1.22653,477.25,168.426,354.129,770.102,758.234,15.6416,67.168,1.73812,112.5,50,0.806624,53.8066,-6.97e-06,0.0221188,3.14128,0,-0,-3.14159,-1,480,180,360,-1
20432,2,1.97943,-9.84955,-0.887659,1.99581,-9.72285,-0.821968,1.99588,-9.72306,-0.822025,3.93535,0.00116065,-0.00129045,0.000880886,-0,1.5708,-0,1.5708,35,100000,20,1.22353,-1.22653,478.018,169.168,354.833,770.722,1205.27,15.5773,58.8105,1.7317,200,55,0.807396,53.8074,-6.94134e-06,0.0220278,3.14128,0,-0,-3.14159,-1,480,180,360,-1
20832,2,1.97943,-9.84955,-0.887659,1.99584,-9.72281,-0.82784,1.99608,-9.72308,-0.82709,3.93528,0.00101063,-0.000990612,-0.00270967,-0,1.5708,-0,1.5708,35,100000,20,1.22353,-1.22653,478.079,167.432,353.094,768.977,1747.38,15.5773,79.2275,1.73121,312.5,60,0.807453,53.8075,-6.94134e-06,0.0220278,3.14128,0,-0,-3.14159,-1,480,180,360,-1
21242,2,1.97943,-9.84955,-0.887659,1.99587,-9.72287,-0.828185,1.9953,-9.72308,-0.827986,3.93523,0.000278995,-0.00072879,-0.00265029,-0,1.5708,-0,1.5708,35,100000,20,1.22353,-1.22653,477.777,167.201,352.865,768.751,2461.93,15.5773,107.371,1.73146,450,65,0.807424,53.8074,-6.94134e-06,0.0220278,3.14128,0,-0,-3.14159,-1,480,180,360,-1
21632,2,1.97943,-9.84955,-0.887659,1.99591,-9.72295,-0.825746,1.99602,-9.72313,-0.825389,3.93523,0.000664824,-0.000532712,-0.000256174,-0,1.5708,-0,1.5708,35,100000,20,1.22353,-1.22653,478.033,168.239,353.903,769.791,3255.74,15.5773,69.3577,1.73156,612.5,70,0.807412,53.8074,-6.94134e-06,0.0220278,3.14128,0,-0,-3.14159,-1,480,180,360,-1
22032,2,1.97943,-9.84955,-0.887659,1.99324,-9.72295,-0.825915,1.99385,-9.72308,-0.826015,3.93522,-0.00111659,-0.000350922,-0.000559708,-0,1.5708,-0,1.5708,35,100000,20,1.22353,-1.22653,477.215,168.055,353.721,769.613,4193.07,15.5773,71.5532,1.73181,800,75,0.807382,53.8074,-6.94134e-06,0.0220278,3.14128,0,-0,-3.14159,-1,480,180,360,-1
22432,2,1.97943,-9.84955,-0.887659,1.99327,-9.72295,-0.826023,1.99296,-9.72303,-0.826147,3.93522,-0.00141437,-0.00023453,-0.000516033,-0,1.5708,-0,1.5708,35,100000,20,1.22353,-1.22653,476.872,168.041,353.709,769.607,5255.85,15.5773,71.7317,1.73226,1012.5,80,0.807328,53.8073,-6.94134e-06,0.0220278,3.14128,0,-0,-3.14159,-1,480,180,360,-1
22832,2,1.97943,-9.84955,-0.887659,1.996,-9.72301,-0.823405,1.99512,-9.72305,-0.824071,3.93522,0.000487495,-0.00018919,0.00108849,-0,1.5708,-0,1.5708,35,100000,20,1.22353,-1.22653,477.666,168.833,354.503,770.403,6452.34,15.5773,62.5133,1.7325,1250,85,0.807298,53.8073,-6.94134e-06,0.0220278,3.14128,0,-0,-3.14159,-1,480,180,360,-1
23232,2,1.97943,-9.84955,-0.887659,1.99603,-9.72295,-0.826152,1.99546,-9.72299,-0.826028,3.93522,0.000734437,-0.000101294,-0.00043957,-0,1.5708,-0,1.5708,35,100000,20,1.22353,-1.22653,477.78,168.122,353.792,769.694,7755.03,15.5773,70.7515,1.73265,1512.5,90,0.80728,53.8073,-6.94134e-06,0.0220278,3.14128,0,-0,-3.14159,-1,480,180,360,-1
23632,2,1.97943,-9.84955,-0.887659,1.99337,-9.72289,-0.828884,1.99342,-9.72292,-0.828371,3.93522,-0.000761964,-3.3867e-05,-0.00194917,-0,1.5708,-0,1.5708,35,100000,20,1.22353,-1.22653,477.008,167.262,352.933,768.837,9212.69,15.5773,106.121,1.73273,1800,95,0.807271,53.8073,-6.94134e-06,0.0220278,3.14128,0,-0,-3.14159,-1,480,180,360,-1
24032,2,1.97943,-9.84955,-0.887659,1.9934,-9.72295,-0.826218,1.99322,-9.72296,-0.826519,3.93522,-0.000678383,-4.71579e-05,-0.000212006,-0,1.5708,-0,1.5708,35,100000,20,1.22353,-1.22653,476.922,167.958,353.63,769.534,10755.8,15.5773,72.7303,1.73278,2112.5,100,0.807265,53.8073,-6.94134e-06,0.0220278,3.14128,0,-0,-3.14159,-1,480,180,360,-1
24432,2,1.97943,-9.84955,-0.887659,1.99343,-9.72295,-0.826235,1.99328,-9.72296,-0.826261,3.93522,-0.000440502,-3.4225e-05,1.62856e-05,-0,1.5708,-0,1.5708,35,100000,20,1.22353,-1.22653,476.935,168.059,353.73,769.635,12445.5,15.5773,71.5197,1.73282,2450,105,0.80726,53.8073,-6.94134e-06,0.0220278,3.14128,0,-0,-3.14159,-1,480,180,360,-1
24832,2,1.97943,-9.84955,-0.887659,1.99616,-9.72301,-0.823552,1.99543,-9.723,-0.824191,3.93522,0.00112123,-5.41627e-05,0.00142404,-0,1.5708,-0,1.5708,35,100000,20,1.22353,-1.22653,477.718,168.831,354.503,770.408,14265.3,15.5773,62.5383,1.73289,2812.5,110,0.807252,53.8073,-6.94134e-06,0.0220278,3.14128,0,-0,-3.14159,-1,480,180,360,-1
25232,2,1.97943,-9.84955,-0.887659,1.99349,-9.72295,-0.826254,1.9936,-9.72296,-0.826081,3.93522,-0.000396297,-1.01463e-05,-0.000229649,-0,1.5708,-0,1.5708,35,100000,20,1.22353,-1.22653,477.028,168.131,353.803,769.709,16195,15.5773,70.6479,1.73288,3200,115,0.807254,53.8073,-6.94134e-06,0.0220278,3.14128,0,-0,-3.14159,-1,480,180,360,-1
25632,2,1.97943,-9.84955,-0.887659,1.99353,-9.72295,-0.82626,1.99342,-9.72295,-0.826327,3.93522,-0.000406544,-3.22633e-06,-0.000325782,-0,1.5708,-0,1.5708,35,100000,20,1.22353,-1.22653,476.95,168.041,353.714,769.619,18255.3,15.5773,71.7246,1.73289,3612.5,120,0.807252,53.8073,-6.94134e-06,0.0220278,3.14128,0,-0,-3.14159,-1,480,180,360,-1
26032,3,1.97943,-9.84955,-0.887659,1.99625,-9.72295,-0.826264,1.99561,-9.72295,-0.826337,3.93522,0.00124729,-1.11536e-06,-0.000246169,-0,1.5708,-0,1.5708,35,100000,20,1.22353,-1.22653,477.75,168.039,353.711,769.617,22268.1,15.5773,71.7431,366.664,4050,125,0.807247,4.80725,-6.94134e-06,0.0220278,3.14128,0,-0,-3.14159,-1,480,180,360,-1
26432,3,1.97943,-9.84955,-0.887659,1.99359,-9.72295,-0.826268,1.9945,-9.72298,-0.824803,3.93522,9.265e-05,-1.74364e-05,0.000580299,-0,1.5708,-0,1.5708,35,100000,20,1.22353,-1.22653,477.328,168.61,354.282,770.188,25239.4,15.5773,65.0529,497.34,4512.5,130,0.807249,5.80725,-6.94134e-06,0.0220278,3.14128,0,-0,-3.14159,-1,480,180,360,-1
26832,3,1.97943,-9.84955,-0.887659,1.99362,-9.72295,-0.826268,1.99436,-9.72295,-0.826213,3.93522,-7.89396e-05,7.4482e-06,-0.000485362,-0,1.5708,-0,1.5708,35,100000,20,1.22353,-1.22653,477.265,168.086,353.758,769.664,28424,15.5773,71.186,648.016,5000,135,0.807248,6.80725,-6.94134e-06,0.0220278,3.14128,0,-0,-3.14159,-1,480,180,360,-1
27232,3,1.97943,-9.84955,-0.887659,1.99365,-9.72301,-0.823574,1.99358,-9.723,-0.824237,3.93522,-0.000565551,-2.61419e-05,0.00108243,-0,1.5708,-0,1.5708,35,100000,20,1.22353,-1.22653,476.961,168.82,354.492,770.398,31849.3,15.5773,62.6688,818.692,5512.5,140,0.80725,7.80725,-6.94134e-06,0.0220278,3.14128,0,-0,-3.14159,-1,480,180,360,-1
27632,3,1.97943,-9.84955,-0.887659,1.99369,-9.72301,-0.823574,1.99429,-9.723,-0.823986,3.93522,-0.00014594,-2.62121e-05,0.00112375,-0,1.5708,-0,1.5708,35,100000,20,1.22353,-1.22653,477.212,168.913,354.586,770.492,35490.4,15.5773,61.6215,1009.37,6050,145,0.807248,8.80725,-6.94134e-06,0.0220278,3.14128,0,-0,-3.14159,-1,480,180,360,-1
28032,3,1.97943,-9.84955,-0.887659,1.99641,-9.72301,-0.823574,1.99583,-9.723,-0.823955,3.93522,0.00107387,-2.44286e-05,0.00108112,-0,1.5708,-0,1.5708,35,100000,20,1.22353,-1.22653,477.775,168.925,354.597,770.503,39356.3,15.5773,61.4863,1220.04,6612.5,150,0.807245,9.80725,-6.94134e-06,0.0220278,3.14128,0,-0,-3.14159,-1,480,180,360,-1
28432,3,1.97943,-9.84955,-0.887659,1.99645,-9.72301,-0.823574,1.99601,-9.723,-0.824022,3.93522,0.00109185,-2.10842e-05,0.000943305,-0,1.5708,-0,1.5708,35,100000,20,1.22353,-1.22653,477.828,168.9,354.572,770.478,43448.2,15.5773,61.764,1450.72,7200,155,0.807245,10.8072,-6.94134e-06,0.0220278,3.14128,0,-0,-3.14159,-1,480,180,360,-1
28832,3,1.97943,-9.84955,-0.887659,1.99378,-9.72295,-0.826269,1.99388,-9.72295,-0.826202,3.93522,-0.000523628,1.40933e-05,-0.000667108,-0,1.5708,-0,1.5708,35,100000,20,1.22353,-1.22653,477.028,168.09,353.762,769.668,47753.9,15.5773,71.1388,1701.39,7812.5,160,0.807249,11.8072,-6.94134e-06,0.0220278,3.14128,0,-0,-3.14159,-1,480,180,360,-1
29232,3,1.97943,-9.84955,-0.887659,1.99381,-9.72295,-0.826269,1.99368,-9.72296,-0.825677,3.93522,-0.000521316,6.01874e-06,-0.000294397,-0,1.5708,-0,1.5708,35,100000,20,1.22353,-1.22653,476.941,168.285,353.958,769.864,52295.1,15.5773,68.823,1972.07,8450,165,0.807249,12.8072,-6.94134e-06,0.0220278,3.14128,0,-0,-3.14159,-1,480,180,360,-1
29632,3,1.97943,-9.84955,-0.887659,1.99654,-9.72301,-0.823574,1.99582,-9.72303,-0.82276,3.93522,0.00109703,-3.50011e-05,0.00159477,-0,1.5708,-0,1.5708,35,100000,20,1.22353,-1.22653,477.723,169.369,355.041,770.947,57078.6,15.5773,56.6444,2262.74,9112.5,170,0.807245,13.8072,-6.94134e-06,0.0220278,3.14128,0,-0,-3.14159,-1,480,180,360,-1
30032,3,1.97943,-9.84955,-0.887659,1.99657,-9.72323,-0.822035,1.9969,-9.72318,-0.82273,3.93486,0.00146057,-0.000142757,0.00145469,-0,1.5708,-0,1.5708,35,100000,20,1.22353,-1.22653,478.113,167.927,353.61,769.539,62052.5,14.8519,73.0905,2573.38,9800,175,0.807118,14.8071,-6.61804e-06,0.0210017,3.14128,0,-0,-3.14159,-1,480,180,360,-1
30432,3,1.97943,-9.84955,-0.887659,1.99661,-9.72051,-0.82172,1.99692,-9.72033,-0.821461,3.93486,0.0010888,0.00175815,0.00192226,-0,1.5708,-0,1.5708,35,100000,20,1.22353,-1.22653,478.107,168.222,354.046,770.292,67267.3,14.8137,69.542,2903.1,10512.5,180,0.804226,15.8042,-6.60103e-06,0.0209477,3.14128,0,-0,-3.14159,-1,480,180,360,-1
30832,3,1.97943,-9.84955,-0.887659,1.99664,-9.72051,-0.82172,1.99687,-9.72011,-0.82129,3.93486,0.000789721,0.00145833,0.00155049,-0,1.5708,-0,1.5708,35,100000,20,1.22353,-1.22653,478.077,168.278,354.113,770.383,72707.2,14.8137,68.882,3253.64,11250,185,0.804002,16.804,-6.60103e-06,0.0209477,3.14128,0,-0,-3.14159,-1,480,180,360,-1
31232,3,1.97943,-9.84955,-0.887659,1.99667,-9.72051,-0.82172,1.99681,-9.72024,-0.821435,3.93486,0.000548133,0.00100095,0.00105824,-0,1.5708,-0,1.5708,35,100000,20,1.22353,-1.22653,478.043,168.229,354.057,770.313,78371,14.8137,69.4675,3624.3,12012.5,190,0.804134,17.8041,-6.60103e-06,0.0209477,3.14128,0,-0,-3.14159,-1,480,180,360,-1
31632,3,1.97943,-9.84955,-0.887659,1.99671,-9.72045,-0.824413,1.99683,-9.72022,-0.823711,3.93486,0.000379593,0.0006794,-0.000941029,-0,1.5708,-0,1.5708,35,100000,20,1.22353,-1.22653,478.04,167.384,353.21,769.463,84255.9,14.8137,79.8274,4014.93,12800,195,0.804166,18.8042,-6.60103e-06,0.0209477,3.14128,0,-0,-3.14159,-1,480,180,360,-1
32032,3,1.97943,-9.84955,-0.887659,1.99674,-9.72051,-0.82172,1.99606,-9.72037,-0.821835,3.93486,-8.58669e-05,0.000443759,0.000448789,-0,1.5708,-0,1.5708,35,100000,20,1.22353,-1.22653,477.74,168.085,353.907,770.147,90375.2,14.8137,71.1814,4425.58,13612.5,200,0.804274,19.8043,-6.60103e-06,0.0209477,3.14128,0,-0,-3.14159,-1,480,180,360,-1
32432,3,1.97943,-9.84955,-0.887659,1.99676,-9.72051,-0.82172,1.99676,-9.72043,-0.821633,3.93486,0.000407621,0.000302638,0.000482382,-0,1.5708,-0,1.5708,35,100000,20,1.22353,-1.22653,477.989,168.162,353.981,770.216,96716.6,14.8137,70.2607,4856.22,14450,205,0.804327,20.8043,-6.60103e-06,0.0209477,3.14128,0,-0,-3.14159,-1,480,180,360,-1
32832,3,1.97943,-9.84955,-0.887659,1.9968,-9.72045,-0.824413,1.99609,-9.72039,-0.824482,3.93486,-0.00016503,0.000236387,-0.00162204,-0,1.5708,-0,1.5708,35,100000,20,1.22353,-1.22653,477.726,167.103,352.921,769.154,103300,14.8137,108.227,5306.85,15312.5,210,0.804351,21.8043,-6.60103e-06,0.0209477,3.14128,0,-0,-3.14159,-1,480,180,360,-1
33232,3,1.97943,-9.84955,-0.887659,1.99413,-9.72051,-0.82172,1.99396,-9.72044,-0.822653,3.93486,-0.00146648,0.000131571,0.000167494,-0,1.5708,-0,1.5708,35,100000,20,1.22353,-1.22653,476.923,167.785,353.602,769.832,110071,14.8137,74.8367,5777.48,16200,215,0.804369,22.8044,-6.60103e-06,0.0209477,3.14128,0,-0,-3.14159,-1,480,180,360,-1
33632,3,1.97943,-9.84955,-0.887659,1.99417,-9.72045,-0.824415,1.99464,-9.72042,-0.824492,3.93486,-0.000680994,0.000110991,-0.00110425,-0,1.5708,-0,1.5708,35,100000,20,1.22353,-1.22653,477.165,167.102,352.918,769.147,117108,14.8137,108.277,6268.1,17112.5,220,0.804385,23.8044,-6.60103e-06,0.0209477,3.14128,0,-0,-3.14159,-1,480,180,360,-1
34032,3,1.97943,-9.84955,-0.887659,1.9942,-9.72045,-0.824415,1.99474,-9.72044,-0.823937,3.93486,-0.000591299,7.16371e-05,-0.000614522,-0,1.5708,-0,1.5708,35,100000,20,1.22353,-1.22653,477.191,167.308,353.124,769.352,124325,14.8137,80.795,6778.73,18050,225,0.804393,24.8044,-6.60103e-06,0.0209477,3.14128,0,-0,-3.14159,-1,480,180,360,-1
34432,3,1.97943,-9.84955,-0.887659,1.99692,-9.72051,-0.821723,1.99623,-9.72051,-0.820959,3.93486,0.000722606,1.32633e-05,0.00120377,-0,1.5708,-0,1.5708,35,100000,20,1.22353,-1.22653,477.734,168.416,354.231,770.458,131796,14.8137,67.2785,7309.35,19012.5,230,0.804396,25.8044,-6.60103e-06,0.0209477,3.14128,0,-0,-3.14159,-1,480,180,360,-1
34832,3,1.97943,-9.84955,-0.887659,1.99426,-9.72051,-0.821723,1.99429,-9.7205,-0.821476,3.93486,-0.000662019,1.31164e-05,0.000575474,-0,1.5708,-0,1.5708,35,100000,20,1.22353,-1.22653,477.001,168.224,354.039,770.266,139486,14.8137,69.5391,7859.97,20000,235,0.804404,26.8044,-6.60103e-06,0.0209477,3.14128,0,-0,-3.14159,-1,480,180,360,-1
35232,3,1.97943,-9.84955,-0.887659,1.99429,-9.72045,-0.824415,1.99485,-9.72046,-0.823732,3.93486,-0.000343939,4.12508e-05,-0.00114542,-0,1.5708,-0,1.5708,35,100000,20,1.22353,-1.22653,477.197,167.385,353.2,769.427,147394,14.8137,79.8211,8430.59,21012.5,240,0.804406,27.8044,-6.60103e-06,0.0209477,3.14128,0,-0,-3.14159,-1,480,180,360,-1
35632,3,1.97943,-9.84955,-0.887659,1.99702,-9.72051,-0.821723,1.99635,-9.7205,-0.821864,3.93486,0.000864891,5.12047e-06,0.000327498,-0,1.5708,-0,1.5708,35,100000,20,1.22353,-1.22653,477.74,168.08,353.895,770.121,155540,14.8137,71.2466,9021.21,22050,245,0.804406,28.8044,-6.60103e-06,0.0209477,3.14128,0,-0,-3.14159,-1,480,180,360,-1
36032,3,1.97943,-9.84955,-0.887659,1.99436,-9.72051,-0.821723,1.99442,-9.72051,-0.821634,3.93486,-0.0005977,-5.35706e-07,0.000386897,-0,1.5708,-0,1.5708,35,100000,20,1.22353,-1.22653,477.012,168.165,353.98,770.206,163907,14.8137,70.2345,9631.83,23112.5,250,0.80441,29.8044,-6.60103e-06,0.0209477,3.14128,0,-0,-3.14159,-1,480,180,360,-1
36432,3,1.97943,-9.84955,-0.887659,1.99439,-9.72051,-0.821723,1.99425,-9.72051,-0.82164,3.93486,-0.000551573,-9.55931e-07,0.000281978,-0,1.5708,-0,1.5708,35,100000,20,1.22353,-1.22653,476.936,168.163,353.978,770.204,172497,14.8137,70.2613,10262.4,24200,255,0.804412,30.8044,-6.60103e-06,0.0209477,3.14128,0,-0,-3.14159,-1,480,180,360,-1
36832,3,1.97943,-9.84955,-0.887659,1.99711,-9.72051,-0.821723,1.99722,-9.72051,-0.821657,3.93486,0.00146326,-1.36207e-07,0.000187213,-0,1.5708,-0,1.5708,35,100000,20,1.22353,-1.22653,478.03,168.157,353.972,770.198,181313,14.8137,70.3249,10913.1,25312.5,260,0.804407,31.8044,-6.60103e-06,0.0209477,3.14128,0,-0,-3.14159,-1,480,180,360,-1
37232,3,1.97943,-9.84955,-0.887659,1.99715,-9.72056,-0.81903,1.99748,-9.72055,-0.819578,3.93486,0.00128994,-3.07692e-05,0.00159546,-0,1.5708,-0,1.5708,35,100000,20,1.22353,-1.22653,478.114,168.93,354.745,770.97,190585,14.8137,61.4243,11583.7,26450,265,0.804407,32.8044,-6.60103e-06,0.0209477,3.14128,0,-0,-3.14159,-1,480,180,360,-1
37632,3,1.97943,-9.84955,-0.887659,1.99449,-9.72051,-0.821723,1.99532,-9.72053,-0.820751,3.93486,-0.000594133,-3.9873e-06,0.000252703,-0,1.5708,-0,1.5708,35,100000,20,1.22353,-1.22653,477.3,168.493,354.309,770.534,199622,14.8137,66.3801,12274.3,27612.5,270,0.804411,33.8044,-6.60103e-06,0.0209477,3.14128,0,-0,-3.14159,-1,480,180,360,-1
38032,3,1.97943,-9.84955,-0.887659,1.99452,-9.72073,-0.820174,1.99431,-9.7207,-0.819757,3.93447,-0.00107616,-0.000124227,0.000749836,-0,1.5708,-0,1.5708,35,100000,20,1.22353,-1.22653,476.913,167.295,353.122,769.373,209106,14.0311,80.9677,12984.8,28800,275,0.804263,34.8043,-6.25227e-06,0.0198408,3.14128,0,-0,-3.14159,-1,480,180,360,-1
38432,3,1.97943,-9.84955,-0.887659,1.99186,-9.72099,-0.825375,1.99216,-9.72105,-0.824269,3.93447,-0.00230369,-0.000311719,-0.00260594,-0,1.5708,-0,1.5708,35,100000,20,1.22353,-1.22653,476.102,165.55,351.356,767.562,218867,13.9899,141.804,13715.7,30012.5,280,0.804689,35.8047,-6.23392e-06,0.0197826,3.14128,0,-0,-3.14159,-1,480,180,360,-1
38832,3,1.97943,-9.84955,-0.887659,1.99458,-9.72084,-0.81944,1.99345,-9.72096,-0.820624,3.93498,-0.000722348,-0.000158432,0.000576037,-0,1.5708,-0,1.5708,35,100000,20,1.22353,-1.22653,476.569,168.93,354.72,770.889,228772,15.0002,61.4371,14466.5,31250,285,0.804913,36.8049,-6.68416e-06,0.0212116,3.14128,0,-0,-3.14159,-1,480,180,360,-1
39232,3,1.97943,-9.84955,-0.887659,1.99461,-9.72038,-0.820318,1.99451,-9.7204,-0.819961,3.93498,0.00014415,0.000239659,0.000800551,-0,1.5708,-0,1.5708,35,100000,20,1.22353,-1.22653,476.954,169.264,355.08,771.309,238945,15.0534,57.7716,15236.7,32512.5,290,0.804364,37.8044,-6.70786e-06,0.0212868,3.14128,0,-0,-3.14159,-1,480,180,360,-1
39632,3,1.97943,-9.84955,-0.887659,1.99465,-9.72059,-0.821172,1.99543,-9.72049,-0.820823,3.93453,0.000562261,0.00011654,5.71811e-06,-0,1.5708,-0,1.5708,35,100000,20,1.22353,-1.22653,477.282,167.079,352.913,769.181,249343,14.1242,108.611,16027.2,33800,295,0.804102,38.8041,-6.29376e-06,0.0199725,3.14128,0,-0,-3.14159,-1,480,180,360,-1
40032,3,1.97943,-9.84955,-0.887659,1.99467,-9.72103,-0.820449,1.99551,-9.721,-0.821363,3.93451,0.000340386,-0.000252714,-0.000195221,-0,1.5708,-0,1.5708,35,100000,20,1.22353,-1.22653,477.298,166.798,352.608,768.821,259962,14.0753,114.488,16838.2,35112.5,300,0.804605,39.8046,-6.27196e-06,0.0199033,3.14128,0,-0,-3.14159,-1,480,180,360,-1
40432,3,1.97943,-9.84955,-0.887659,1.99471,-9.72103,-0.820449,1.99472,-9.72111,-0.819707,3.93451,-0.000238791,-0.000246247,0.0006493,-0,1.5708,-0,1.5708,35,100000,20,1.22353,-1.22653,476.996,167.416,353.222,769.426,270775,14.0753,79.4267,17668.9,36450,305,0.80469,40.8047,-6.27196e-06,0.0199033,3.14128,0,-0,-3.14159,-1,480,180,360,-1
40832,3,1.97943,-9.84955,-0.887659,1.99204,-9.72109,-0.817756,1.99254,-9.72111,-0.818927,3.93451,-0.00172628,-0.000195611,0.00135054,-0,1.5708,-0,1.5708,35,100000,20,1.22353,-1.22653,476.171,167.706,353.512,769.718,281841,14.0753,75.82,18519.5,37812.5,310,0.80468,41.8047,-6.27196e-06,0.0199033,3.14128,0,-0,-3.14159,-1,480,180,360,-1
41232,3,1.97943,-9.84955,-0.887659,1.99477,-9.72103,-0.820449,1.99375,-9.72107,-0.820245,3.93451,-0.000405541,-0.000115427,0.000132601,-0,1.5708,-0,1.5708,35,100000,20,1.22353,-1.22653,476.611,167.215,353.023,769.231,293132,14.0753,81.9955,19390.1,39200,315,0.804658,42.8047,-6.27196e-06,0.0199033,3.14128,0,-0,-3.14159,-1,480,180,360,-1
41632,3,1.97943,-9.84955,-0.887659,1.9948,-9.72108,-0.817756,1.99478,-9.7211,-0.818318,3.93451,0.000387771,-0.000101942,0.00145266,-0,1.5708,-0,1.5708,35,100000,20,1.22353,-1.22653,476.981,167.931,353.739,769.948,304649,14.0753,73.0475,20280.7,40612.5,320,0.804645,43.8046,-6.27196e-06,0.0199033,3.14128,0,-0,-3.14159,-1,480,180,360,-1
42032,3,1.97943,-9.84955,-0.887659,1.99483,-9.72098,-0.823141,1.99493,-9.72101,-0.822383,3.93451,0.000375362,-1.57908e-05,-0.00165771,-0,1.5708,-0,1.5708,35,100000,20,1.22353,-1.22653,477.024,166.42,352.228,768.438,316416,14.0753,122.435,21191.3,42050,325,0.804638,44.8046,-6.27196e-06,0.0199033,3.14128,0,-0,-3.14159,-1,480,180,360,-1
42432,3,1.97943,-9.84955,-0.887659,1.99487,-9.72103,-0.820449,1.99495,-9.72104,-0.820713,3.93451,0.000291976,-2.92526e-05,-0.000163142,-0,1.5708,-0,1.5708,35,100000,20,1.22353,-1.22653,477.021,167.04,352.849,769.059,328379,14.0753,109.567,22121.9,43512.5,330,0.804632,45.8046,-6.27196e-06,0.0199033,3.14128,0,-0,-3.14159,-1,480,180,360,-1
42832,3,1.97943,-9.84955,-0.887659,1.9949,-9.72103,-0.820449,1.99497,-9.72104,-0.820466,3.93451,0.000215394,-2.13525e-05,4.10447e-05,-0,1.5708,-0,1.5708,35,100000,20,1.22353,-1.22653,477.016,167.132,352.941,769.152,340569,14.0753,107.727,23072.6,45000,335,0.804629,46.8046,-6.27196e-06,0.0199033,3.14128,0,-0,-3.14159,-1,480,180,360,-1
43232,3,1.97943,-9.84955,-0.887659,1.99224,-9.72103,-0.820449,1.99293,-9.72104,-0.820439,3.93451,-0.00119856,-1.56914e-05,4.96813e-05,-0,1.5708,-0,1.5708,35,100000,20,1.22353,-1.22653,476.247,167.142,352.951,769.162,352984,14.0753,107.547,24043.2,46512.5,340,0.804631,47.8046,-6.27196e-06,0.0199033,3.14128,0,-0,-3.14159,-1,480,180,360,-1
43632,3,1.97943,-9.84955,-0.887659,1.99496,-9.72098,-0.823141,1.99482,-9.72099,-0.822523,3.93451,0.000391957,1.88119e-05,-0.00141416,-0,1.5708,-0,1.5708,35,100000,20,1.22353,-1.22653,476.937,166.367,352.176,768.387,365631,14.0753,123.555,25033.8,48050,345,0.804625,48.8046,-6.27196e-06,0.0199033,3.14128,0,-0,-3.14159,-1,480,180,360,-1
44032,3,1.97943,-9.84955,-0.887659,1.99499,-9.72071,-0.827304,1.99509,-9.72076,-0.82683,3.93485,0.000458464,0.000179194,-0.00401013,-0,1.5708,-0,1.5708,35,100000,20,1.22353,-1.22653,477.028,166.155,351.954,768.143,378498,14.7685,128.234,26044.6,49612.5,350,0.804751,49.8048,-6.58091e-06,0.0208839,3.14128,0,-0,-3.14159,-1,480,180,360,-1
44432,3,1.97943,-9.84955,-0.887659,1.99503,-9.7202,-0.82152,1.99588,-9.72023,-0.821992,3.93542,0.000732655,0.000490816,0.000175089,-0,1.5708,-0,1.5708,35,100000,20,1.22353,-1.22653,477.308,170.259,356.06,772.255,391827,15.9262,47.5355,27075,51200,355,0.804568,50.8046,-7.09684e-06,0.0225214,3.14128,0,-0,-3.14159,-1,480,180,360,-1
44832,3,1.97943,-9.84955,-0.887659,1.99506,-9.71971,-0.82263,1.99517,-9.71955,-0.823897,3.93542,8.32309e-05,0.000789437,-0.000803405,-0,1.5708,-0,1.5708,35,100000,20,1.22353,-1.22653,477.032,169.648,355.479,771.739,405118,15.9853,53.7089,28125,52812.5,360,0.803954,51.804,-7.12313e-06,0.0226049,3.14128,0,-0,-3.14159,-1,480,180,360,-1
45232,3,1.97943,-9.84955,-0.887659,1.99509,-9.72298,-0.826044,1.99585,-9.72212,-0.824653,3.93487,0.000388436,-0.00122277,-0.0013468,-0,1.5708,-0,1.5708,35,100000,20,1.22353,-1.22653,477.276,167.164,352.896,768.937,418443,14.8446,107.64,29197.9,54450,365,0.806101,52.8061,-6.61482e-06,0.0209915,3.14128,0,-0,-3.14159,-1,480,180,360,-1
45632,3,1.97943,-9.84955,-0.887659,1.99782,-9.72053,-0.821567,1.99804,-9.72069,-0.821155,3.93485,0.00167016,1.11377e-05,0.00112119,-0,1.5708,-0,1.5708,35,100000,20,1.22353,-1.22653,478.076,168.291,354.098,770.306,432184,14.7846,68.7332,30286.9,56112.5,370,0.804573,53.8046,-6.58806e-06,0.0209066,3.14128,0,-0,-3.14159,-1,480,180,360,-1
46032,3,1.97943,-9.84955,-0.887659,1.99785,-9.72053,-0.821567,1.99749,-9.7205,-0.822068,3.93485,0.0010351,0.00012853,0.000402903,-0,1.5708,-0,1.5708,35,100000,20,1.22353,-1.22653,477.857,167.945,353.761,769.988,446171,14.7846,72.8626,31397.3,57800,375,0.804398,54.8044,-6.58806e-06,0.0209066,3.14128,0,-0,-3.14159,-1,480,180,360,-1
46432,3,1.97943,-9.84955,-0.887659,1.99788,-9.72053,-0.821567,1.99741,-9.7205,-0.821433,3.93485,0.000872666,9.36331e-05,0.000697804,-0,1.5708,-0,1.5708,35,100000,20,1.22353,-1.22653,477.816,168.181,353.997,770.226,460387,14.7846,70.0357,32527.9,59512.5,380,0.804386,55.8044,-6.58806e-06,0.0209066,3.14128,0,-0,-3.14159,-1,480,180,360,-1
46843,3,1.97943,-9.84955,-0.887659,1.99522,-9.72053,-0.821567,1.99527,-9.7205,-0.822171,3.93485,-0.000733528,7.07756e-05,0.000158026,-0,1.5708,-0,1.5708,35,100000,20,1.22353,-1.22653,477.01,167.907,353.723,769.951,474827,14.7846,73.3394,33678.5,61250,385,0.804398,56.8044,-6.58806e-06,0.0209066,3.14128,0,-0,-3.14159,-1,480,180,360,-1
47232,3,1.97943,-9.84955,-0.887659,1.99525,-9.72053,-0.821567,1.99506,-9.72052,-0.821479,3.93485,-0.000657153,3.77373e-05,0.000546542,-0,1.5708,-0,1.5708,35,100000,20,1.22353,-1.22653,476.92,168.164,353.98,770.207,489493,14.7846,70.2462,34849.2,63012.5,390,0.804405,57.8044,-6.58806e-06,0.0209066,3.14128,0,-0,-3.14159,-1,480,180,360,-1
47632,3,1.97943,-9.84955,-0.887659,1.99797,-9.72053,-0.821567,1.99727,-9.72051,-0.822184,3.93485,0.00107123,3.07554e-05,0.000114201,-0,1.5708,-0,1.5708,35,100000,20,1.22353,-1.22653,477.73,167.902,353.718,769.944,504383,14.7846,73.3855,36039.8,64800,395,0.804407,58.8044,-6.58806e-06,0.0209066,3.14128,0,-0,-3.14159,-1,480,180,360,-1
48032,3,1.97943,-9.84955,-0.887659,1.99531,-9.72053,-0.821567,1.99544,-9.72049,-0.822962,3.93485,-0.000351807,2.30941e-05,-4.97781e-05,-0,1.5708,-0,1.5708,35,100000,20,1.22353,-1.22653,477.036,167.613,353.428,769.654,513445,14.7846,76.9529,36039.8,66612.5,400,0.804414,58.8044,-6.58806e-06,0.0209066,3.14128,0,-0,-3.14159,-1,480,180,360,-1
48432,3,1.97943,-9.84955,-0.887659,1.99804,-9.72053,-0.821567,1.99745,-9.72051,-0.822185,3.93485,0.00121661,9.428e-07,0.000650439,-0,1.5708,-0,1.5708,35,100000,20,1.22353,-1.22653,477.771,167.902,353.717,769.943,510827,14.7846,73.3873,33678.5,68450,405,0.804412,56.8044,-6.58806e-06,0.0209066,3.14128,0,-0,-3.14159,-1,480,180,360,-1
48832,3,1.97943,-9.84955,-0.887659,1.99807,-9.72047,-0.824259,1.9977,-9.72047,-0.82424,3.93485,0.00127762,2.59607e-05,-0.000766601,-0,1.5708,-0,1.5708,35,100000,20,1.22353,-1.22653,477.854,167.138,352.953,769.179,508756,14.7846,107.553,31397.3,70312.5,410,0.804414,54.8044,-6.58806e-06,0.0209066,3.14128,0,-0,-3.14159,-1,480,180,360,-1
49232,3,1.97943,-9.84955,-0.887659,1.9954,-9.72053,-0.821567,1.99635,-9.72053,-0.821633,3.93485,9.11287e-05,-1.63059e-05,0.00109812,-0,1.5708,-0,1.5708,35,100000,20,1.22353,-1.22653,477.338,168.108,353.923,770.148,507166,14.7846,70.9139,29196.1,72200,415,0.804418,52.8044,-6.58806e-06,0.0209066,3.14128,0,-0,-3.14159,-1,480,180,360,-1
49632,3,1.97943,-9.84955,-0.887659,1.99544,-9.72053,-0.821567,1.99613,-9.72053,-0.821302,3.93485,-0.000238037,-1.61747e-05,0.000979507,-0,1.5708,-0,1.5708,35,100000,20,1.22353,-1.22653,477.246,168.231,354.046,770.271,506123,14.7846,69.4511,27074.8,74112.5,420,0.804419,50.8044,-6.58806e-06,0.0209066,3.14128,0,-0,-3.14159,-1,480,180,360,-1
50032,3,1.97943,-9.84955,-0.887659,1.99547,-9.72053,-0.821567,1.99535,-9.72052,-0.822079,3.93485,-0.000663567,-5.6926e-06,0.000398942,-0,1.5708,-0,1.5708,35,100000,20,1.22353,-1.22653,476.946,167.942,353.757,769.982,505602,14.7846,72.9188,25033.6,76050,425,0.804421,48.8044,-6.58806e-06,0.0209066,3.14128,0,-0,-3.14159,-1,480,180,360,-1
50432,3,1.97943,-9.84955,-0.887659,1.9955,-9.72047,-0.824259,1.99534,-9.72046,-0.825061,3.93485,-0.000485257,2.94789e-05,-0.00132798,-0,1.5708,-0,1.5708,35,100000,20,1.22353,-1.22653,476.929,166.833,352.648,768.873,505634,14.7846,113.732,23072.4,78012.5,430,0.804421,46.8044,-6.58806e-06,0.0209066,3.14128,0,-0,-3.14159,-1,480,180,360,-1
50832,3,1.97943,-9.84955,-0.887659,1.99553,-9.72047,-0.824259,1.99543,-9.72048,-0.823755,3.93486,-0.000316907,7.05905e-06,-0.00028232,-0,1.5708,-0,1.5708,35,100000,20,1.22353,-1.22653,476.95,167.319,353.134,769.359,506138,14.7846,80.6655,21191.1,80000,435,0.804421,44.8044,-6.58806e-06,0.0209066,3.14128,0,-0,-3.14159,-1,480,180,360,-1
51232,3,1.97943,-9.84955,-0.887659,1.99287,-9.72048,-0.824259,1.99332,-9.72049,-0.823639,3.93486,-0.0017427,7.03753e-06,-0.000323522,-0,1.5708,-0,1.5708,35,100000,20,1.22353,-1.22653,476.154,167.362,353.177,769.402,507195,14.7846,80.132,19389.9,82012.5,440,0.804427,42.8044,-6.58806e-06,0.0209066,3.14128,0,-0,-3.14159,-1,480,180,360,-1
51632,3,1.97943,-9.84955,-0.887659,1.9956,-9.72053,-0.821567,1.99534,-9.72052,-0.822263,3.93486,9.39853e-06,-1.53861e-05,0.000761558,-0,1.5708,-0,1.5708,35,100000,20,1.22353,-1.22653,476.894,167.873,353.688,769.913,508778,14.7846,73.7504,17668.6,84050,445,0.804422,40.8044,-6.58806e-06,0.0209066,3.14128,0,-0,-3.14159,-1,480,180,360,-1
52032,3,1.97943,-9.84955,-0.887659,1.99563,-9.72047,-0.824259,1.99565,-9.72048,-0.824223,3.93486,0.000202512,1.50601e-05,-0.000700753,-0,1.5708,-0,1.5708,35,100000,20,1.22353,-1.22653,476.996,167.145,352.96,769.185,510905,14.7846,107.435,16027.4,86112.5,450,0.804421,38.8044,-6.58806e-06,0.0209066,3.14128,0,-0,-3.14159,-1,480,180,360,-1
52432,3,1.97943,-9.84955,-0.887659,1.99566,-9.72047,-0.824259,1.99571,-9.72047,-0.824438,3.93486,0.00018655,1.37645e-05,-0.000644895,-0,1.5708,-0,1.5708,35,100000,20,1.22353,-1.22653,477.007,167.065,352.88,769.105,513539,14.7846,109.031,14466.2,88200,455,0.804421,36.8044,-6.58806e-06,0.0209066,3.14128,0,-0,-3.14159,-1,480,180,360,-1
52832,3,1.97943,-9.84955,-0.887659,1.99569,-9.72047,-0.824259,1.99498,-9.72047,-0.824398,3.93486,-0.000193377,9.70927e-06,-0.000460582,-0,1.5708,-0,1.5708,35,100000,20,1.22353,-1.22653,476.726,167.08,352.895,769.12,516695,14.7846,108.734,12984.9,90312.5,460,0.804423,34.8044,-6.58806e-06,0.0209066,3.14128,0,-0,-3.14159,-1,480,180,360,-1
53232,3,1.97943,-9.84955,-0.887659,1.99303,-9.72048,-0.824259,1.99356,-9.72047,-0.824363,3.93486,-0.00122345,6.13214e-06,-0.000307707,-0,1.5708,-0,1.5708,35,100000,20,1.22353,-1.22653,476.184,167.093,352.908,769.133,520378,14.7846,108.486,11583.7,92450,465,0.804427,32.8044,-6.58806e-06,0.0209066,3.14128,0,-0,-3.14159,-1,480,180,360,-1
53632,3,1.97943,-9.84955,-0.887659,1.99575,-9.72346,-0.8274,1.9956,-9.72285,-0.826821,3.93486,0.00036569,-0.00167484,-0.00197337,-0,1.5708,-0,1.5708,35,100000,20,1.22353,-1.22653,476.933,166.264,351.96,767.92,524598,14.7846,126.685,10264,94612.5,470,0.806846,30.8068,-6.58806e-06,0.0209066,3.14128,0,-0,-3.14159,-1,480,180,360,-1
54032,3,1.97943,-9.84955,-0.887659,1.99579,-9.72022,-0.825967,1.99589,-9.72053,-0.82526,3.93526,0.00044722,0.00023023,-0.000878578,-0,1.5708,-0,1.5708,35,100000,20,1.22353,-1.22653,477.03,168.381,354.173,770.345,529291,15.5901,67.6871,9021.45,96800,475,0.804812,28.8048,-6.94702e-06,0.0220459,3.14128,0,-0,-3.14159,-1,480,180,360,-1
54432,3,1.97943,-9.84955,-0.887659,1.99581,-9.72291,-0.826568,1.99514,-9.72303,-0.825909,3.93526,-7.46048e-05,-0.00146131,-0.00119476,-0,1.5708,-0,1.5708,35,100000,20,1.22353,-1.22653,476.737,168.314,353.981,769.876,534550,15.6325,68.494,7861.58,99012.5,480,0.807347,26.8073,-6.96591e-06,0.0221058,3.14128,0,-0,-3.14159,-1,480,180,360,-1
54832,3,1.97943,-9.84955,-0.887659,1.99315,-9.72291,-0.826568,1.99376,-9.72323,-0.826887,3.93526,-0.00104938,-0.00116786,-0.00149196,-0,1.5708,-0,1.5708,35,100000,20,1.22353,-1.22653,476.215,167.958,353.615,769.486,540330,15.6325,72.7457,6780.34,101250,485,0.807568,24.8076,-6.96591e-06,0.0221058,3.14128,0,-0,-3.14159,-1,480,180,360,-1
55232,3,1.97943,-9.84955,-0.887659,1.99588,-9.72291,-0.826568,1.99501,-9.72233,-0.826023,3.93526,0.000149821,-0.000444197,-0.00071585,-0,1.5708,-0,1.5708,35,100000,20,1.22353,-1.22653,476.668,168.247,353.948,769.919,546637,15.6325,69.282,5778.54,103512,490,0.806647,22.8066,-6.96591e-06,0.0221058,3.14128,0,-0,-3.14159,-1,480,180,360,-1
55632,3,1.97943,-9.84955,-0.887659,1.99591,-9.72291,-0.826568,1.99522,-9.72219,-0.82586,3.93526,0.000324989,-0.000317747,-0.000510388,-0,1.5708,-0,1.5708,35,100000,20,1.22353,-1.22653,476.734,168.302,354.011,769.998,553470,15.6325,68.629,4857.15,105800,495,0.806499,20.8065,-6.96591e-06,0.0221058,3.14128,0,-0,-3.14159,-1,480,180,360,-1
56032,3,1.97943,-9.84955,-0.887659,1.99594,-9.72291,-0.826568,1.99606,-9.72218,-0.825844,3.93526,0.000781776,-0.000345662,-0.000481335,-0,1.5708,-0,1.5708,35,100000,20,1.22353,-1.22653,477.034,168.308,354.017,770.005,560826,15.6325,68.5521,4015.83,108112,500,0.806494,18.8065,-6.96591e-06,0.0221058,3.14128,0,-0,-3.14159,-1,480,180,360,-1
56432,3,1.97943,-9.84955,-0.887659,1.99598,-9.71992,-0.823428,1.99615,-9.72071,-0.823509,3.93526,0.000628686,0.000828667,0.00117006,-0,1.5708,-0,1.5708,35,100000,20,1.22353,-1.22653,477.052,169.123,354.906,771.06,557031,15.6325,59.3076,3253.98,108112,500,0.804971,16.805,-6.96591e-06,0.0221058,3.14128,0,-0,-3.14159,-1,480,180,360,-1
56832,3,1.97943,-9.84955,-0.887659,1.99601,-9.72291,-0.826568,1.99618,-9.72223,-0.825863,3.93526,0.000423959,-0.000753338,-0.00104163,-0,1.5708,-0,1.5708,35,100000,20,1.22353,-1.22653,477.056,168.302,354.009,769.992,553611,15.6325,68.617,2573.2,108112,500,0.806539,14.8065,-6.96591e-06,0.0221058,3.14128,0,-0,-3.14159,-1,480,180,360,-1
57232,3,1.97943,-9.84955,-0.887659,1.99604,-9.71992,-0.823428,1.99613,-9.72082,-0.82443,3.93526,0.00033759,0.000369541,0.000146315,-0,1.5708,-0,1.5708,35,100000,20,1.22353,-1.22653,477.022,168.785,354.562,770.702,550612,15.6325,63.0578,1971.49,108112,500,0.805101,12.8051,-6.96591e-06,0.0221058,3.14128,0,-0,-3.14159,-1,480,180,360,-1
57632,3,1.97943,-9.84955,-0.887659,1.99607,-9.72291,-0.826568,1.99613,-9.7221,-0.825769,3.93526,0.000247157,-0.000666224,-0.000871645,-0,1.5708,-0,1.5708,35,100000,20,1.22353,-1.22653,477.014,168.333,354.046,770.043,547997,15.6325,68.2606,1450.53,108112,500,0.80641,10.8064,-6.96591e-06,0.0221058,3.14128,0,-0,-3.14159,-1,480,180,360,-1
58032,3,1.97943,-9.84955,-0.887659,1.9961,-9.71986,-0.826121,1.99615,-9.72076,-0.826448,3.93526,0.00019317,0.000448535,-0.00109338,-0,1.5708,-0,1.5708,35,100000,20,1.22353,-1.22653,477.006,168.034,353.812,769.953,545788,15.6325,71.8047,1008.96,108112,500,0.805089,8.80509,-6.96591e-06,0.0221058,3.14128,0,-0,-3.14159,-1,480,180,360,-1
58432,3,1.97943,-9.84955,-0.887659,1.99613,-9.72297,-0.823873,1.99617,-9.72297,-0.825461,3.93526,0.000154255,-0.0011147,0.000108965,-0,1.5708,-0,1.5708,35,100000,20,1.22353,-1.22653,477.004,168.477,354.148,770.05,543991,15.6325,66.5786,648.02,108112,500,0.807276,6.80728,-6.96591e-06,0.0221058,3.14128,0,-0,-3.14159,-1,480,180,360,-1
58832,3,1.97943,-9.84955,-0.887659,1.99617,-9.71986,-0.826121,1.9962,-9.71993,-0.825383,3.93526,0.000132265,0.00116647,1.08272e-05,-0,1.5708,-0,1.5708,35,100000,20,1.22353,-1.22653,477.001,168.4,354.219,770.455,542584,15.6325,67.4677,366.338,108112,500,0.804231,4.80423,-6.96591e-06,0.0221058,3.14128,0,-0,-3.14159,-1,480,180,360,-1
59232,3,1.97943,-9.84955,-0.887659,1.9962,-9.72291,-0.826568,1.99622,-9.722,-0.825762,3.93526,0.000112407,-0.000618314,-0.000376355,-0,1.5708,-0,1.5708,35,100000,20,1.22353,-1.22653,476.999,168.332,354.05,770.058,542580,15.6325,68.2712,366.563,108112,500,0.806306,4.80631,-6.96591e-06,0.0221058,3.14128,0,-0,-3.14159,-1,480,180,360,-1
59632,3,1.97943,-9.84955,-0.887659,1.99623,-9.72291,-0.826568,1.99625,-9.72311,-0.826707,3.93526,9.89749e-05,-0.00117204,-0.000887655,-0,1.5708,-0,1.5708,35,100000,20,1.22353,-1.22653,476.997,168.02,353.683,769.568,542577,15.6325,71.9798,366.685,108112,500,0.807438,4.80744,-6.96591e-06,0.0221058,3.14128,0,-0,-3.14159,-1,480,180,360,-1
60032,3,1.97943,-9.84955,-0.887659,1.99356,-9.72291,-0.826568,1.99337,-9.72237,-0.825924,3.93526,-0.00173683,-0.000586275,-0.000364309,-0,1.5708,-0,1.5708,35,100000,20,1.22353,-1.22653,475.916,168.285,353.984,769.951,542582,15.6325,68.8453,366.604,108112,500,0.806691,4.80669,-6.96591e-06,0.0221058,3.14128,0,-0,-3.14159,-1,480,180,360,-1
60432,3,1.97943,-9.84955,-0.887659,1.9936,-9.72291,-0.826568,1.99319,-9.72309,-0.826702,3.93526,-0.00140198,-0.000887904,-0.00076317,-0,1.5708,-0,1.5708,35,100000,20,1.22353,-1.22653,475.837,168.021,353.685,769.572,542580,15.6325,71.9863,366.684,108112,500,0.807424,4.80742,-6.96591e-06,0.0221058,3.14128,0,-0,-3.14159,-1,480,180,360,-1
60832,3,1.97943,-9.84955,-0.887659,1.99632,-9.72291,-0.826568,1.99544,-9.7231,-0.826735,3.93526,0.000529958,-0.000665536,-0.000586621,-0,1.5708,-0,1.5708,35,100000,20,1.22353,-1.22653,476.662,168.009,353.673,769.558,542579,15.6325,72.1142,366.684,108112,500,0.807432,4.80743,-6.96591e-06,0.0221058,3.14128,0,-0,-3.14159,-1,480,180,360,-1
61232,3,1.97943,-9.84955,-0.887659,1.99366,-9.71992,-0.823428,1.99366,-9.72068,-0.824202,3.93526,-0.000734645,0.00122233,0.00136302,-0,1.5708,-0,1.5708,35,100000,20,1.22353,-1.22653,475.988,168.865,354.649,770.804,542591,15.6325,62.1811,366.418,108112,500,0.804964,4.80496,-6.96591e-06,0.0221058,3.14128,0,-0,-3.14159,-1,480,180,360,-1
61632,3,1.97943,-9.84955,-0.887659,1.9937,-9.71992,-0.823428,1.99353,-9.71957,-0.823828,3.93526,-0.000625098,0.00161562,0.00134238,-0,1.5708,-0,1.5708,35,100000,20,1.22353,-1.22653,475.924,168.965,354.803,771.081,542594,15.6325,61.0633,366.297,108112,500,0.803848,4.80385,-6.96591e-06,0.0221058,3.14128,0,-0,-3.14159,-1,480,180,360,-1
62032,3,1.97943,-9.84955,-0.887659,1.99373,-9.7202,-0.819254,1.99361,-9.71982,-0.820017,3.93489,-0.000431338,0.00108529,0.00359636,-0,1.5708,-0,1.5708,35,100000,20,1.22353,-1.22653,475.942,168.883,354.731,771.032,542502,14.8839,61.9792,366.284,108112,500,0.803724,4.80372,-6.63231e-06,0.021047,3.14128,0,-0,-3.14159,-1,480,180,360,-1
62432,3,1.97943,-9.84955,-0.887659,1.99645,-9.72062,-0.825552,1.99579,-9.72123,-0.82511,3.93446,0.0012401,-6.97879e-05,-0.00086172,-0,1.5708,-0,1.5708,35,100000,20,1.22353,-1.22653,476.741,165.213,351.01,767.196,542628,13.9747,149.756,366.408,108112,500,0.804876,4.80488,-6.22714e-06,0.0197611,3.14128,0,-0,-3.14159,-1,480,180,360,-1
62832,3,1.97943,-9.84955,-0.887659,1.99379,-9.72099,-0.827741,1.99469,-9.72101,-0.82608,3.93445,4.5235e-05,9.62931e-05,-0.00169016,-0,1.5708,-0,1.5708,35,100000,20,1.22353,-1.22653,476.321,164.754,350.562,766.772,542638,13.929,160.798,366.384,108112,500,0.804654,4.80465,-6.20674e-06,0.0196963,3.14128,0,-0,-3.14159,-1,480,180,360,-1
63232,3,1.97943,-9.84955,-0.887659,1.99652,-9.72057,-0.825924,1.99589,-9.72067,-0.825299,3.9353,0.000925567,0.000313323,-0.000898697,-0,1.5708,-0,1.5708,35,100000,20,1.22353,-1.22653,476.755,168.416,354.2,770.356,542575,15.612,67.2924,366.417,108112,500,0.804958,4.80496,-6.95678e-06,0.0220769,3.14128,0,-0,-3.14159,-1,480,180,360,-1
63632,3,1.97943,-9.84955,-0.887659,1.99655,-9.71981,-0.826486,1.99605,-9.71973,-0.826436,3.9353,0.000902051,0.000839819,-0.00144526,-0,1.5708,-0,1.5708,35,100000,20,1.22353,-1.22653,476.802,168.14,353.966,770.216,542573,15.7005,70.5433,366.323,108112,500,0.804084,4.80408,-6.99626e-06,0.0222021,3.14128,0,-0,-3.14159,-1,480,180,360,-1
64032,3,1.97943,-9.84955,-0.887659,1.99388,-9.72285,-0.826934,1.99394,-9.72204,-0.827193,3.9353,-0.000674679,-0.00103153,-0.00155913,-0,1.5708,-0,1.5708,35,100000,20,1.22353,-1.22653,476.01,167.939,353.652,769.649,542573,15.7005,72.9715,366.574,108112,500,0.806408,4.80641,-6.99626e-06,0.0222021,3.14128,0,-0,-3.14159,-1,480,180,360,-1
64433,3,1.97943,-9.84955,-0.887659,1.99661,-9.71981,-0.826486,1.99589,-9.72074,-0.826932,3.9353,0.000904384,0.000243554,-0.000941666,-0,1.5708,-0,1.5708,35,100000,20,1.22353,-1.22653,476.722,167.991,353.767,769.906,542576,15.7005,72.3342,366.433,108112,500,0.805103,4.8051,-6.99626e-06,0.0222021,3.14128,0,-0,-3.14159,-1,480,180,360,-1
64832,3,1.97943,-9.84955,-0.887659,1.99394,-9.72279,-0.829629,1.99476,-9.72288,-0.830044,3.9353,-0.000204403,-0.00117201,-0.00265855,-0,1.5708,-0,1.5708,35,100000,20,1.22353,-1.22653,476.293,166.912,352.581,768.479,542603,15.7005,113.208,366.672,108112,500,0.807313,4.80731,-6.99626e-06,0.0222021,3.14128,0,-0,-3.14159,-1,480,180,360,-1
65232,3,1.97943,-9.84955,-0.887659,1.99398,-9.72279,-0.829629,1.99472,-9.723,-0.830079,3.9353,-6.46479e-05,-0.000971011,-0.00203867,-0,1.5708,-0,1.5708,35,100000,20,1.22353,-1.22653,476.266,166.903,352.566,768.451,542607,15.7005,113.43,366.684,108112,500,0.807431,4.80743,-6.99626e-06,0.0222021,3.14128,0,-0,-3.14159,-1,480,180,360,-1
65632,3,1.97943,-9.84955,-0.887659,1.9967,-9.72263,-0.828478,1.99681,-9.72289,-0.829188,3.93564,0.00118426,-0.000602843,-0.000782527,-0,1.5708,-0,1.5708,35,100000,20,1.22353,-1.22653,477.031,168.693,354.343,770.201,542584,16.4281,64.1095,366.701,108112,500,0.807588,4.80759,-7.32047e-06,0.0232312,3.14128,0,-0,-3.14159,-1,480,180,360,-1
66032,3,1.97943,-9.84955,-0.887659,1.99673,-9.72231,-0.828355,1.99626,-9.72242,-0.829087,3.93565,0.000687409,-0.000142344,-0.000393004,-0,1.5708,-0,1.5708,35,100000,20,1.22353,-1.22653,476.815,168.79,354.463,770.371,542587,16.4664,63.0095,366.651,108112,500,0.807122,4.80712,-7.33753e-06,0.0232854,3.14128,0,-0,-3.14159,-1,480,180,360,-1
66432,3,1.97943,-9.84955,-0.887659,1.99407,-9.72225,-0.83105,1.99408,-9.72229,-0.830542,3.93565,-0.000883275,-1.86739e-05,-0.0013715,-0,1.5708,-0,1.5708,35,100000,20,1.22353,-1.22653,475.991,168.246,353.924,769.843,542577,16.4664,69.2992,366.641,108112,500,0.807032,4.80703,-7.33753e-06,0.0232854,3.14128,0,-0,-3.14159,-1,480,180,360,-1
66832,3,1.97943,-9.84955,-0.887659,1.9968,-9.72231,-0.828355,1.99676,-9.7223,-0.829287,3.93565,0.00105807,-2.38099e-05,-8.99633e-05,-0,1.5708,-0,1.5708,35,100000,20,1.22353,-1.22653,476.975,168.712,354.391,770.311,542588,16.4664,63.8898,366.639,108112,500,0.807007,4.80701,-7.33753e-06,0.0232854,3.14128,0,-0,-3.14159,-1,480,180,360,-1
67232,3,1.97943,-9.84955,-0.887659,1.99683,-9.72231,-0.828355,1.9971,-9.72232,-0.828295,3.93565,0.000960051,-2.85296e-05,0.000554762,-0,1.5708,-0,1.5708,35,100000,20,1.22353,-1.22653,477.092,169.08,354.759,770.68,542594,16.4664,59.7804,366.638,108112,500,0.807003,4.807,-7.33753e-06,0.0232854,3.14128,0,-0,-3.14159,-1,480,180,360,-1
67632,3,1.97943,-9.84955,-0.887659,1.99686,-9.72252,-0.826918,1.99706,-9.72248,-0.827105,3.93534,0.000705064,-0.000136633,0.00124884,-0,1.5708,-0,1.5708,35,100000,20,1.22353,-1.22653,477.065,168.165,353.854,769.798,542587,15.7888,70.2442,366.625,108112,500,0.806879,4.80688,-7.03558e-06,0.0223269,3.14128,0,-0,-3.14159,-1,480,180,360,-1
68032,3,1.97943,-9.84955,-0.887659,1.9942,-9.72281,-0.827217,1.99416,-9.72288,-0.825576,3.93532,-0.00131619,-0.000350428,0.00157682,-0,1.5708,-0,1.5708,35,100000,20,1.22353,-1.22653,475.976,168.674,354.346,770.252,542588,15.7531,64.3381,366.664,108112,500,0.807239,4.80724,-7.01968e-06,0.0222765,3.14128,0,-0,-3.14159,-1,480,180,360,-1
68432,3,1.97943,-9.84955,-0.887659,1.99423,-9.72275,-0.829911,1.99391,-9.72201,-0.828973,3.93532,-0.00112527,0.000121254,-0.00118351,-0,1.5708,-0,1.5708,35,100000,20,1.22353,-1.22653,475.87,167.384,353.095,769.088,542578,15.7531,79.8636,366.577,108112,500,0.80644,4.80644,-7.01968e-06,0.0222765,3.14128,0,-0,-3.14159,-1,480,180,360,-1
68832,3,1.97943,-9.84955,-0.887659,1.99427,-9.71977,-0.826769,1.99402,-9.72042,-0.827021,3.93532,-0.000759555,0.00127501,0.000395418,-0,1.5708,-0,1.5708,35,100000,20,1.22353,-1.22653,475.896,168.052,353.843,770.014,542584,15.7531,71.6067,366.401,108112,500,0.804811,4.80481,-7.01968e-06,0.0222765,3.14128,0,-0,-3.14159,-1,480,180,360,-1
69232,3,1.97943,-9.84955,-0.887659,1.99429,-9.72281,-0.827217,1.99414,-9.7218,-0.827014,3.93532,-0.000500828,-3.9203e-05,0.000288301,-0,1.5708,-0,1.5708,35,100000,20,1.22353,-1.22653,475.93,168.103,353.826,769.846,542584,15.7531,70.9977,366.55,108112,500,0.806193,4.80619,-7.01968e-06,0.0222765,3.14128,0,-0,-3.14159,-1,480,180,360,-1
69632,3,1.97943,-9.84955,-0.887659,1.99433,-9.71977,-0.826769,1.99422,-9.71962,-0.826677,3.93532,-0.000301037,0.00135155,0.000416006,-0,1.5708,-0,1.5708,35,100000,20,1.22353,-1.22653,475.946,168.151,353.982,770.242,542584,15.7531,70.4157,366.313,108112,500,0.803998,4.804,-7.01968e-06,0.0222765,3.14128,0,-0,-3.14159,-1,480,180,360,-1
70032,3,1.97943,-9.84955,-0.887659,1.99436,-9.71977,-0.826769,1.9943,-9.72028,-0.827546,3.93532,-0.0001727,0.000744227,-6.89609e-05,-0,1.5708,-0,1.5708,35,100000,20,1.22353,-1.22653,475.964,167.853,353.649,769.834,542582,15.7531,74.0223,366.387,108112,500,0.804684,4.80468,-7.01968e-06,0.0222765,3.14128,0,-0,-3.14159,-1,480,180,360,-1
70432,3,1.97943,-9.84955,-0.887659,1.99439,-9.71977,-0.826769,1.99509,-9.71954,-0.826724,3.93532,0.000188562,0.0010012,0.000466394,-0,1.5708,-0,1.5708,35,100000,20,1.22353,-1.22653,476.246,168.132,353.965,770.233,542584,15.7531,70.6465,366.305,108112,500,0.803924,4.80392,-7.01968e-06,0.0222765,3.14128,0,-0,-3.14159,-1,480,180,360,-1
70832,3,1.97943,-9.84955,-0.887659,1.99443,-9.71977,-0.826769,1.99516,-9.71954,-0.826658,3.93532,1.17679e-05,0.000749843,0.000390098,-0,1.5708,-0,1.5708,35,100000,20,1.22353,-1.22653,476.26,168.156,353.99,770.258,542584,15.7531,70.3562,366.305,108112,500,0.803921,4.80392,-7.01968e-06,0.0222765,3.14128,0,-0,-3.14159,-1,480,180,360,-1
71232,3,1.97943,-9.84955,-0.887659,1.99445,-9.72275,-0.829911,1.99441,-9.72278,-0.83002,3.93532,-0.000471119,-0.00150668,-0.00185755,-0,1.5708,-0,1.5708,35,100000,20,1.22353,-1.22653,475.972,167.023,352.695,768.602,542604,15.7531,110.923,366.663,108112,500,0.807232,4.80723,-7.01968e-06,0.0222765,3.14128,0,-0,-3.14159,-1,480,180,360,-1
71632,3,1.97943,-9.84955,-0.887659,1.99449,-9.71977,-0.826769,1.99438,-9.7199,-0.826969,3.93532,-0.000355588,0.000759555,0.00062284,-0,1.5708,-0,1.5708,35,100000,20,1.22353,-1.22653,475.948,168.053,353.869,770.097,542583,15.7531,71.5891,366.345,108112,500,0.804293,4.80429,-7.01968e-06,0.0222765,3.14128,0,-0,-3.14159,-1,480,180,360,-1
72032,3,1.97943,-9.84955,-0.887659,1.99452,-9.72281,-0.827217,1.99444,-9.722,-0.826961,3.93532,-0.000224339,-0.000947224,0.000436536,-0,1.5708,-0,1.5708,35,100000,20,1.22353,-1.22653,475.958,168.13,353.844,769.843,542585,15.7531,70.6803,366.571,108112,500,0.806385,4.80638,-7.01968e-06,0.0222765,3.14128,0,-0,-3.14159,-1,480,180,360,-1
72432,3,1.97943,-9.84955,-0.887659,1.99455,-9.71977,-0.826769,1.9945,-9.71983,-0.826644,3.93532,-0.000119622,0.000675982,0.000513687,-0,1.5708,-0,1.5708,35,100000,20,1.22353,-1.22653,475.97,168.171,353.991,770.228,542584,15.7531,70.1802,366.336,108112,500,0.804211,4.80421,-7.01968e-06,0.0222765,3.14128,0,-0,-3.14159,-1,480,180,360,-1
72832,3,1.97943,-9.84955,-0.887659,1.99459,-9.71977,-0.826769,1.99456,-9.72046,-0.826782,3.93532,-5.41847e-05,0.000253891,0.000320995,-0,1.5708,-0,1.5708,35,100000,20,1.22353,-1.22653,475.978,168.142,353.931,770.099,542584,15.7531,70.529,366.404,108112,500,0.804841,4.80484,-7.01968e-06,0.0222765,3.14128,0,-0,-3.14159,-1,480,180,360,-1
73232,3,1.97943,-9.84955,-0.887659,1.99462,-9.71977,-0.826769,1.9946,-9.7205,-0.827565,3.93532,-9.71556e-06,0.000314274,-0.000102699,-0,1.5708,-0,1.5708,35,100000,20,1.22353,-1.22653,475.984,167.853,353.64,769.801,542582,15.7531,74.0152,366.41,108112,500,0.804898,4.8049,-7.01968e-06,0.0222765,3.14128,0,-0,-3.14159,-1,480,180,360,-1
73632,3,1.97943,-9.84955,-0.887659,1.99465,-9.71977,-0.826769,1.99465,-9.71964,-0.826733,3.93532,2.19452e-05,0.000776071,0.000460327,-0,1.5708,-0,1.5708,35,100000,20,1.22353,-1.22653,475.987,168.132,353.961,770.218,542584,15.7531,70.6528,366.316,108112,500,0.804024,4.80402,-7.01968e-06,0.0222765,3.14128,0,-0,-3.14159,-1,480,180,360,-1
74032,3,1.97943,-9.84955,-0.887659,1.99467,-9.72281,-0.827217,1.99468,-9.72199,-0.827016,3.93532,3.59737e-05,-0.0010716,0.000138725,-0,1.5708,-0,1.5708,35,100000,20,1.22353,-1.22653,475.989,168.109,353.823,769.823,542584,15.7531,70.9305,366.57,108112,500,0.806374,4.80637,-7.01968e-06,0.0222765,3.14128,0,-0,-3.14159,-1,480,180,360,-1
74432,3,1.97943,-9.84955,-0.887659,1.99471,-9.71977,-0.826769,1.99472,-9.71987,-0.826718,3.93533,5.23007e-05,0.00055478,0.000289436,-0,1.5708,-0,1.5708,35,100000,20,1.22353,-1.22653,475.989,168.145,353.963,770.195,542584,15.7531,70.4889,366.341,108112,500,0.804256,4.80426,-7.01968e-06,0.0222765,3.14128,0,-0,-3.14159,-1,480,180,360,-1
74832,3,1.97943,-9.84955,-0.887659,1.99474,-9.71977,-0.826769,1.99475,-9.72045,-0.826822,3.93533,6.20652e-05,0.000246768,0.000174336,-0,1.5708,-0,1.5708,35,100000,20,1.22353,-1.22653,475.992,168.127,353.916,770.084,542584,15.7531,70.7096,366.404,108112,500,0.804838,4.80484,-7.01968e-06,0.0222765,3.14128,0,-0,-3.14159,-1,480,180,360,-1
75232,3,1.97943,-9.84955,-0.887659,1.99477,-9.72281,-0.827217,1.99478,-9.72213,-0.827083,3.93533,6.61889e-05,-0.00109766,-6.93941e-05,-0,1.5708,-0,1.5708,35,100000,20,1.22353,-1.22653,475.994,168.089,353.796,769.781,542583,15.7531,71.1706,366.585,108112,500,0.806516,4.80652,-7.01968e-06,0.0222765,3.14128,0,-0,-3.14159,-1,480,180,360,-1
75632,3,1.97943,-9.84955,-0.887659,1.9948,-9.72275,-0.829911,1.99481,-9.72221,-0.829226,3.93533,6.82387e-05,-0.00102902,-0.00157,-0,1.5708,-0,1.5708,35,100000,20,1.22353,-1.22653,475.993,167.297,352.998,768.968,542601,15.7531,105.23,366.6,108112,500,0.806653,4.80665,-7.01968e-06,0.0222765,3.14128,0,-0,-3.14159,-1,480,180,360,-1
76032,3,1.97943,-9.84955,-0.887659,1.99483,-9.72275,-0.829911,1.99485,-9.72304,-0.830338,3.93533,7.11428e-05,-0.0012683,-0.00184192,-0,1.5708,-0,1.5708,35,100000,20,1.22353,-1.22653,475.994,166.914,352.574,768.451,542606,15.7531,113.231,366.692,108112,500,0.807501,4.8075,-7.01968e-06,0.0222765,3.14128,0,-0,-3.14159,-1,480,180,360,-1
76432,3,1.97943,-9.84955,-0.887659,1.99756,-9.71977,-0.826769,1.99777,-9.72067,-0.827828,3.93533,0.00190001,0.00074263,0.000417584,-0,1.5708,-0,1.5708,35,100000,20,1.22353,-1.22653,477.065,167.761,353.539,769.681,542584,15.7531,75.1216,366.429,108112,500,0.805069,4.80507,-7.01968e-06,0.0222765,3.14128,0,-0,-3.14159,-1,480,180,360,-1
76832,3,1.97943,-9.84955,-0.887659,1.99489,-9.72275,-0.829911,1.9944,-9.72272,-0.829957,3.93533,-0.000570247,-0.000753316,-0.00104016,-0,1.5708,-0,1.5708,35,100000,20,1.22353,-1.22653,475.806,167.044,352.72,768.632,542609,15.7531,110.472,366.657,108112,500,0.807176,4.80718,-7.01968e-06,0.0222765,3.14128,0,-0,-3.14159,-1,480,180,360,-1
77232,3,1.97943,-9.84955,-0.887659,1.99493,-9.72275,-0.829911,1.99482,-9.72294,-0.830159,3.93533,-0.000152722,-0.000690371,-0.000892083,-0,1.5708,-0,1.5708,35,100000,20,1.22353,-1.22653,475.951,166.977,352.642,768.53,542608,15.7531,111.911,366.681,108112,500,0.807395,4.8074,-7.01968e-06,0.0222765,3.14128,0,-0,-3.14159,-1,480,180,360,-1
77632,3,1.97943,-9.84955,-0.887659,1.99497,-9.71971,-0.829461,1.99493,-9.72049,-0.829751,3.93533,-3.97319e-05,0.00122566,-0.000370366,-0,1.5708,-0,1.5708,35,100000,20,1.22353,-1.22653,475.977,167.042,352.826,768.983,542608,15.7531,109.73,366.415,108112,500,0.804937,4.80494,-7.01968e-06,0.0222765,3.14128,0,-0,-3.14159,-1,480,180,360,-1
78032,3,1.97943,-9.84955,-0.887659,1.99499,-9.72275,-0.829911,1.99498,-9.7218,-0.829146,3.93533,2.09417e-06,-0.000106152,-7.48963e-05,-0,1.5708,-0,1.5708,35,100000,20,1.22353,-1.22653,475.985,167.312,353.034,769.049,542583,15.7531,80.7711,366.555,108112,500,0.806232,4.80623,-7.01968e-06,0.0222765,3.14128,0,-0,-3.14159,-1,480,180,360,-1
78432,3,1.97943,-9.84955,-0.887659,1.99502,-9.72275,-0.829911,1.99575,-9.72285,-0.829988,3.93533,0.000273589,-0.000733775,-0.000578033,-0,1.5708,-0,1.5708,35,100000,20,1.22353,-1.22653,476.258,167.037,352.706,768.604,542610,15.7531,110.649,366.671,108112,500,0.807305,4.8073,-7.01968e-06,0.0222765,3.14128,0,-0,-3.14159,-1,480,180,360,-1
78832,3,1.97943,-9.84955,-0.887659,1.99505,-9.72275,-0.829911,1.99507,-9.72292,-0.83004,3.93533,-0.000226454,-0.000594665,-0.000469228,-0,1.5708,-0,1.5708,35,100000,20,1.22353,-1.22653,475.994,167.02,352.686,768.577,542610,15.7531,111.025,366.678,108112,500,0.807373,4.80737,-7.01968e-06,0.0222765,3.14128,0,-0,-3.14159,-1,480,180,360,-1
79232,3,1.97943,-9.84955,-0.887659,1.99509,-9.71977,-0.826769,1.99503,-9.72048,-0.82748,3.93533,-0.000183667,0.00131905,0.00149738,-0,1.5708,-0,1.5708,35,100000,20,1.22353,-1.22653,475.967,167.884,353.671,769.835,542584,15.7531,73.6383,366.408,108112,500,0.804878,4.80488,-7.01968e-06,0.0222765,3.14128,0,-0,-3.14159,-1,480,180,360,-1
79632,3,1.97943,-9.84955,-0.887659,1.99781,-9.72275,-0.829911,1.99792,-9.72259,-0.829718,3.93533,0.0017475,-0.000375426,-0.000323599,-0,1.5708,-0,1.5708,35,100000,20,1.22353,-1.22653,477.03,167.128,352.81,768.738,542609,15.7531,108.708,366.641,108112,500,0.807032,4.80703,-7.01968e-06,0.0222765,3.14128,0,-0,-3.14159,-1,480,180,360,-1
80032,3,1.97943,-9.84955,-0.887659,1.99515,-9.72275,-0.829911,1.99612,-9.72206,-0.829163,3.93533,-2.8962e-05,-0.000172127,-0.000131285,-0,1.5708,-0,1.5708,35,100000,20,1.22353,-1.22653,476.348,167.315,353.024,769.011,542583,15.7531,80.7258,366.583,108112,500,0.806492,4.80649,-7.01968e-06,0.0222765,3.14128,0,-0,-3.14159,-1,480,180,360,-1
80442,3,1.97943,-9.84955,-0.887659,1.99518,-9.72275,-0.829912,1.99508,-9.72288,-0.829288,3.93533,-0.000670742,-0.000632774,-0.000387224,-0,1.5708,-0,1.5708,35,100000,20,1.22353,-1.22653,475.952,167.298,352.967,768.864,542607,15.7531,105.439,366.672,108112,500,0.807317,4.80732,-7.01968e-06,0.0222765,3.14128,0,-0,-3.14159,-1,480,180,360,-1
80832,3,1.97943,-9.84955,-0.887659,1.99522,-9.71977,-0.82677,1.99507,-9.71971,-0.826692,3.93533,-0.000512563,0.00157545,0.00138968,-0,1.5708,-0,1.5708,35,100000,20,1.22353,-1.22653,475.932,168.15,353.976,770.225,542586,15.7531,70.4355,366.323,108112,500,0.804092,4.80409,-7.01968e-06,0.0222765,3.14128,0,-0,-3.14159,-1,480,180,360,-1
81232,3,1.97943,-9.84955,-0.887659,1.99794,-9.72281,-0.827218,1.99735,-9.72187,-0.826773,3.93533,0.00128278,-0.000493112,0.000888017,-0,1.5708,-0,1.5708,35,100000,20,1.22353,-1.22653,476.771,168.196,353.916,769.928,542585,15.7531,69.8831,366.557,108112,500,0.806252,4.80625,-7.01968e-06,0.0222765,3.14128,0,-0,-3.14159,-1,480,180,360,-1
81642,3,1.97943,-9.84955,-0.887659,1.99528,-9.71977,-0.82677,1.99544,-9.72057,-0.827426,3.93533,-0.00024156,0.000619844,0.000429799,-0,1.5708,-0,1.5708,35,100000,20,1.22353,-1.22653,476.049,167.908,353.691,769.845,542584,15.7531,73.3499,366.418,108112,500,0.804965,4.80497,-7.01968e-06,0.0222765,3.14128,0,-0,-3.14159,-1,480,180,360,-1
82042,3,1.97943,-9.84955,-0.887659,1.99531,-9.71977,-0.82677,1.99523,-9.71953,-0.826596,3.93533,-0.000295757,0.00106267,0.00080404,-0,1.5708,-0,1.5708,35,100000,20,1.22353,-1.22653,475.958,168.179,354.014,770.283,542584,15.7531,70.0863,366.304,108112,500,0.803913,4.80391,-7.01968e-06,0.0222765,3.14128,0,-0,-3.14159,-1,480,180,360,-1
82432,3,1.97943,-9.84955,-0.887659,1.99535,-9.71977,-0.82677,1.99528,-9.72038,-0.826716,3.93533,-0.00020069,0.000445476,0.000570682,-0,1.5708,-0,1.5708,35,100000,20,1.22353,-1.22653,475.963,168.164,353.957,770.134,542585,15.7531,70.2651,366.395,108112,500,0.804759,4.80476,-7.01968e-06,0.0222765,3.14128,0,-0,-3.14159,-1,480,180,360,-1
82832,3,1.97943,-9.84955,-0.887659,1.99537,-9.72275,-0.829913,1.99533,-9.72278,-0.829174,3.93533,-0.000119458,-0.00124373,-0.00124417,-0,1.5708,-0,1.5708,35,100000,20,1.22353,-1.22653,475.973,167.337,353.01,768.918,542579,15.7531,80.4543,366.662,108112,500,0.807222,4.80722,-7.01968e-06,0.0222765,3.14128,0,-0,-3.14159,-1,480,180,360,-1
83232,3,1.97943,-9.84955,-0.887659,1.9954,-9.72275,-0.829913,1.99537,-9.72307,-0.830301,3.93533,-4.86064e-05,-0.00101514,-0.00155366,-0,1.5708,-0,1.5708,35,100000,20,1.22353,-1.22653,475.978,166.93,352.588,768.462,542609,15.7531,112.93,366.695,108112,500,0.807528,4.80753,-7.01968e-06,0.0222765,3.14128,0,-0,-3.14159,-1,480,180,360,-1
83632,3,1.97943,-9.84955,-0.887659,1.99543,-9.72281,-0.827218,1.99542,-9.72302,-0.827427,3.93533,-8.73277e-06,-0.000777776,0.000606643,-0,1.5708,-0,1.5708,35,100000,20,1.22353,-1.22653,475.984,167.993,353.657,769.543,542584,15.7531,72.3231,366.683,108112,500,0.807416,4.80742,-7.01968e-06,0.0222765,3.14128,0,-0,-3.14159,-1,480,180,360,-1
84032,3,1.97943,-9.84955,-0.887659,1.99547,-9.72281,-0.827218,1.99469,-9.72297,-0.827073,3.93533,-0.000423808,-0.000523415,0.000669723,-0,1.5708,-0,1.5708,35,100000,20,1.22353,-1.22653,475.7,168.123,353.789,769.681,542585,15.7531,70.7755,366.677,108112,500,0.807361,4.80736,-7.01968e-06,0.0222765,3.14128,0,-0,-3.14159,-1,480,180,360,-1
84432,3,1.97943,-9.84955,-0.887659,1.9955,-9.72281,-0.827218,1.99468,-9.7229,-0.82784,3.93533,-0.000223221,-0.000345522,8.8101e-05,-0,1.5708,-0,1.5708,35,100000,20,1.22353,-1.22653,475.685,167.836,353.505,769.403,542584,15.7531,74.2373,366.671,108112,500,0.807311,4.80731,-7.01968e-06,0.0222765,3.14128,0,-0,-3.14159,-1,480,180,360,-1
84832,3,1.97943,-9.84955,-0.887659,1.99553,-9.72281,-0.827218,1.99555,-9.72289,-0.827139,3.93533,0.000408115,-0.000228136,0.000513843,-0,1.5708,-0,1.5708,35,100000,20,1.22353,-1.22653,475.995,168.095,353.766,769.667,542584,15.7531,71.0937,366.668,108112,500,0.807281,4.80728,-7.01968e-06,0.0222765,3.14128,0,-0,-3.14159,-1,480,180,360,-1
85232,3,1.97943,-9.84955,-0.887659,1.99556,-9.72281,-0.827218,1.99566,-9.72286,-0.827099,3.93533,0.000372105,-0.000152968,0.000407407,-0,1.5708,-0,1.5708,35,100000,20,1.22353,-1.22653,476.023,168.109,353.781,769.685,542585,15.7531,70.9261,366.665,108112,500,0.807253,4.80725,-7.01968e-06,0.0222765,3.14128,0,-0,-3.14159,-1,480,180,360,-1
85632,3,1.97943,-9.84955,-0.887659,1.99559,-9.72281,-0.827218,1.99567,-9.72285,-0.827127,3.93533,0.00028912,-0.000103843,0.000285882,-0,1.5708,-0,1.5708,35,100000,20,1.22353,-1.22653,476.018,168.098,353.771,769.676,542584,15.7531,71.0571,366.663,108112,500,0.807237,4.80724,-7.01968e-06,0.0222765,3.14128,0,-0,-3.14159,-1,480,180,360,-1
86032,3,1.97943,-9.84955,-0.887659,1.99293,-9.72275,-0.829913,1.99354,-9.72279,-0.829299,3.93533,-0.00129888,-3.58059e-05,-0.00132783,-0,1.5708,-0,1.5708,35,100000,20,1.22353,-1.22653,475.215,167.291,352.964,768.871,542602,15.7531,105.567,366.663,108112,500,0.807234,4.80723,-7.01968e-06,0.0222765,3.14128,0,-0,-3.14159,-1,480,180,360,-1
86432,3,1.97943,-9.84955,-0.887659,1.99296,-9.72281,-0.827218,1.99331,-9.72282,-0.827393,3.93533,-0.00129183,-4.85581e-05,0.000217231,-0,1.5708,-0,1.5708,35,100000,20,1.22353,-1.22653,475.117,167.999,353.672,769.579,542583,15.7531,72.2734,366.662,108112,500,0.807228,4.80723,-7.01968e-06,0.0222765,3.14128,0,-0,-3.14159,-1,480,180,360,-1
86832,3,1.97943,-9.84955,-0.887659,1.99299,-9.72281,-0.827218,1.99268,-9.72282,-0.82716,3.93533,-0.00139629,-3.69097e-05,0.000317353,-0,1.5708,-0,1.5708,35,100000,20,1.22353,-1.22653,474.872,168.085,353.758,769.667,542584,15.7531,71.2418,366.662,108112,500,0.807224,4.80722,-7.01968e-06,0.0222765,3.14128,0,-0,-3.14159,-1,480,180,360,-1
87232,3,1.97943,-9.84955,-0.887659,1.99302,-9.72281,-0.827218,1.99272,-9.7228,-0.827904,3.93533,-0.000963369,-1.66732e-05,-0.000121733,-0,1.5708,-0,1.5708,35,100000,20,1.22353,-1.22653,474.872,167.809,353.482,769.391,542582,15.7531,74.591,366.662,108112,500,0.807222,4.80722,-7.01968e-06,0.0222765,3.14128,0,-0,-3.14159,-1,480,180,360,-1
87632,3,1.97943,-9.84955,-0.887659,1.99575,-9.72281,-0.827218,1.99573,-9.72282,-0.827199,3.93533,0.00119864,-2.02618e-05,0.000356767,-0,1.5708,-0,1.5708,35,100000,20,1.22353,-1.22653,475.979,168.071,353.744,769.653,542584,15.7531,71.3897,366.66,108112,500,0.80721,4.80721,-7.01968e-06,0.0222765,3.14128,0,-0,-3.14159,-1,480,180,360,-1
88032,3,1.97943,-9.84955,-0.887659,1.99309,-9.72281,-0.827218,1.99319,-9.72282,-0.827133,3.93533,-0.000724183,-1.54542e-05,0.000303817,-0,1.5708,-0,1.5708,35,100000,20,1.22353,-1.22653,475.025,168.095,353.769,769.678,542584,15.7531,71.1194,366.661,108112,500,0.807217,4.80722,-7.01968e-06,0.0222765,3.14128,0,-0,-3.14159,-1,480,180,360,-1
88432,3,1.97943,-9.84955,-0.887659,1.99582,-9.72275,-0.829913,1.99582,-9.72277,-0.829293,3.93533,0.00113664,2.37805e-05,-0.00130422,-0,1.5708,-0,1.5708,35,100000,20,1.22353,-1.22653,475.99,167.293,352.966,768.875,542602,15.7531,105.515,366.66,108112,500,0.807208,4.80721,-7.01968e-06,0.0222765,3.14128,0,-0,-3.14159,-1,480,180,360,-1
88832,3,1.97943,-9.84955,-0.887659,1.99315,-9.72275,-0.829913,1.99398,-9.72276,-0.829528,3.93533,-0.000493746,2.4319e-05,-0.00126715,-0,1.5708,-0,1.5708,35,100000,20,1.22353,-1.22653,475.293,167.205,352.879,768.788,542604,15.7531,107.264,366.661,108112,500,0.807213,4.80721,-7.01968e-06,0.0222765,3.14128,0,-0,-3.14159,-1,480,180,360,-1
89232,3,1.97943,-9.84955,-0.887659,1.99318,-9.72281,-0.827218,1.993,-9.72281,-0.82736,3.93533,-0.000977775,-1.26965e-05,0.000443478,-0,1.5708,-0,1.5708,35,100000,20,1.22353,-1.22653,474.92,168.011,353.685,769.594,542584,15.7531,72.1341,366.661,108112,500,0.807216,4.80722,-7.01968e-06,0.0222765,3.14128,0,-0,-3.14159,-1,480,180,360,-1
89632,3,1.97943,-9.84955,-0.887659,1.99322,-9.72281,-0.827218,1.99299,-9.72282,-0.827101,3.93533,-0.00072611,-1.28195e-05,0.000489879,-0,1.5708,-0,1.5708,35,100000,20,1.22353,-1.22653,474.904,168.107,353.781,769.69,542585,15.7531,70.9801,366.661,108112,500,0.807216,4.80722,-7.01968e-06,0.0222765,3.14128,0,-0,-3.14159,-1,480,180,360,-1
90032,3,1.97943,-9.84955,-0.887659,1.99594,-9.72281,-0.827218,1.99593,-9.7228,-0.82787,3.93533,0.00134645,-2.47333e-07,-2.14417e-05,-0,1.5708,-0,1.5708,35,100000,20,1.22353,-1.22653,475.984,167.821,353.495,769.404,542583,15.7531,74.4147,366.66,108112,500,0.807206,4.80721,-7.01968e-06,0.0222765,3.14128,0,-0,-3.14159,-1,480,180,360,-1
90432,3,1.97943,-9.84955,-0.887659,1.99328,-9.72281,-0.827218,1.99341,-9.7228,-0.827968,3.93533,-0.000707866,5.17352e-08,-4.68871e-05,-0,1.5708,-0,1.5708,35,100000,20,1.22353,-1.22653,475.036,167.785,353.459,769.368,542583,15.7531,74.8811,366.661,108112,500,0.807214,4.80721,-7.01968e-06,0.0222765,3.14128,0,-0,-3.14159,-1,480,180,360,-1
90832,3,1.97943,-9.84955,-0.887659,1.99331,-9.72281,-0.827218,1.99315,-9.72281,-0.827188,3.93533,-0.000689156,-1.16487e-05,0.000489775,-0,1.5708,-0,1.5708,35,100000,20,1.22353,-1.22653,474.929,168.075,353.748,769.658,542584,15.7531,71.3666,366.661,108112,500,0.807215,4.80722,-7.01968e-06,0.0222765,3.14128,0,-0,-3.14159,-1,480,180,360,-1
91232,3,1.97943,-9.84955,-0.887659,1.99334,-9.72281,-0.827218,1.99394,-9.7228,-0.827861,3.93533,-0.000111488,-1.38714e-06,4.4734e-05,-0,1.5708,-0,1.5708,35,100000,20,1.22353,-1.22653,475.211,167.825,353.498,769.408,542584,15.7531,74.3876,366.661,108112,500,0.807213,4.80721,-7.01968e-06,0.0222765,3.14128,0,-0,-3.14159,-1,480,180,360,-1
91632,3,1.97943,-9.84955,-0.887659,1.99337,-9.72281,-0.827218,1.99403,-9.72281,-0.827144,3.93533,-0.000204892,-1.11337e-05,0.00048636,-0,1.5708,-0,1.5708,35,100000,20,1.22353,-1.22653,475.231,168.091,353.765,769.674,542584,15.7531,71.1617,366.661,108112,500,0.807212,4.80721,-7.01968e-06,0.0222765,3.14128,0,-0,-3.14159,-1,480,180,360,-1
92032,3,1.97943,-9.84955,-0.887659,1.9934,-9.72281,-0.827218,1.99331,-9.72282,-0.827103,3.93533,-0.0005933,-9.27641e-06,0.000400394,-0,1.5708,-0,1.5708,35,100000,20,1.22353,-1.22653,474.953,168.106,353.78,769.689,542585,15.7531,70.9884,366.661,108112,500,0.807215,4.80721,-7.01968e-06,0.0222765,3.14128,0,-0,-3.14159,-1,480,180,360,-1
92432,3,1.97943,-9.84955,-0.887659,1.99344,-9.72275,-0.829913,1.9933,-9.72277,-0.829274,3.93533,-0.000443488,2.75302e-05,-0.00124735,-0,1.5708,-0,1.5708,35,100000,20,1.22353,-1.22653,474.937,167.3,352.973,768.883,542602,15.7531,105.401,366.661,108112,500,0.807215,4.80722,-7.01968e-06,0.0222765,3.14128,0,-0,-3.14159,-1,480,180,360,-1
92832,3,1.97943,-9.84955,-0.887659,1.99347,-9.72281,-0.827218,1.99337,-9.72281,-0.827371,3.93533,-0.000279655,-6.72461e-06,0.000293877,-0,1.5708,-0,1.5708,35,100000,20,1.22353,-1.22653,474.95,168.007,353.68,769.589,542584,15.7531,72.1853,366.661,108112,500,0.807215,4.80721,-7.01968e-06,0.0222765,3.14128,0,-0,-3.14159,-1,480,180,360,-1
93232,3,1.97943,-9.84955,-0.887659,1.9935,-9.72281,-0.827218,1.99344,-9.7228,-0.827898,3.93533,-0.000160541,5.3217e-08,-7.67849e-06,-0,1.5708,-0,1.5708,35,100000,20,1.22353,-1.22653,474.965,167.811,353.485,769.394,542583,15.7531,74.5641,366.661,108112,500,0.807215,4.80721,-7.01968e-06,0.0222765,3.14128,0,-0,-3.14159,-1,480,180,360,-1
93632,3,1.97943,-9.84955,-0.887659,1.99353,-9.72281,-0.827218,1.9935,-9.7228,-0.827919,3.93534,-7.96779e-05,-2.93713e-06,0.000128345,-0,1.5708,-0,1.5708,35,100000,20,1.22353,-1.22653,474.974,167.803,353.477,769.386,542583,15.7531,74.6589,366.661,108112,500,0.807215,4.80721,-7.01968e-06,0.0222765,3.14128,0,-0,-3.14159,-1,480,180,360,-1
94032,3,1.97943,-9.84955,-0.887659,1.99357,-9.72281,-0.827218,1.99355,-9.7228,-0.82788,3.93534,-2.54508e-05,-6.24182e-06,0.000277834,-0,1.5708,-0,1.5708,35,100000,20,1.22353,-1.22653,474.98,167.817,353.491,769.4,542584,15.7531,74.4816,366.661,108112,500,0.807215,4.80721,-7.01968e-06,0.0222765,3.14128,0,-0,-3.14159,-1,480,180,360,-1
94432,3,1.97943,-9.84955,-0.887659,1.9936,-9.72281,-0.827218,1.99359,-9.7228,-0.827839,3.93534,9.71047e-06,-9.12893e-06,0.000408168,-0,1.5708,-0,1.5708,35,100000,20,1.22353,-1.22653,474.985,167.833,353.506,769.415,542584,15.7531,74.2968,366.661,108112,500,0.807214,4.80721,-7.01968e-06,0.0222765,3.14128,0,-0,-3.14159,-1,480,180,360,-1
94832,3,1.97943,-9.84955,-0.887659,1.99363,-9.72281,-0.827218,1.99363,-9.72282,-0.827083,3.93534,3.32068e-05,-1.76743e-05,0.000792234,-0,1.5708,-0,1.5708,35,100000,20,1.22353,-1.22653,474.988,168.114,353.787,769.697,542585,15.7531,70.8976,366.661,108112,500,0.807214,4.80721,-7.01968e-06,0.0222765,3.14128,0,-0,-3.14159,-1,480,180,360,-1
95232,3,1.97943,-9.84955,-0.887659,1.99366,-9.72281,-0.827218,1.99367,-9.72282,-0.827038,3.93534,4.94741e-05,-1.33621e-05,0.000599048,-0,1.5708,-0,1.5708,35,100000,20,1.22353,-1.22653,474.991,168.13,353.804,769.713,542585,15.7531,70.7003,366.661,108112,500,0.807214,4.80721,-7.01968e-06,0.0222765,3.14128,0,-0,-3.14159,-1,480,180,360,-1
95632,3,1.97943,-9.84955,-0.887659,1.99369,-9.72281,-0.827218,1.9937,-9.72282,-0.82709,3.93534,5.90045e-05,-9.25736e-06,0.000415038,-0,1.5708,-0,1.5708,35,100000,20,1.22353,-1.22653,474.99,168.111,353.785,769.694,542585,15.7531,70.9308,366.661,108112,500,0.807214,4.80721,-7.01968e-06,0.0222765,3.14128,0,-0,-3.14159,-1,480,180,360,-1
96032,3,1.97943,-9.84955,-0.887659,1.99642,-9.72281,-0.827218,1.99591,-9.72281,-0.827125,3.93534,0.00162131,-5.56158e-06,0.00027134,-0,1.5708,-0,1.5708,35,100000,20,1.22353,-1.22653,475.801,168.098,353.772,769.681,542584,15.7531,71.0678,366.66,108112,500,0.807207,4.80721,-7.01968e-06,0.0222765,3.14128,0,-0,-3.14159,-1,480,180,360,-1
96432,3,1.97943,-9.84955,-0.887659,1.99375,-9.72281,-0.827218,1.99401,-9.7228,-0.827874,3.93534,3.9428e-05,9.36403e-07,-4.26487e-05,-0,1.5708,-0,1.5708,35,100000,20,1.22353,-1.22653,475.081,167.82,353.494,769.403,542583,15.7531,74.4496,366.661,108112,500,0.807214,4.80721,-7.01968e-06,0.0222765,3.14128,0,-0,-3.14159,-1,480,180,360,-1
96832,3,1.97943,-9.84955,-0.887659,1.99379,-9.72281,-0.827218,1.99378,-9.7228,-0.827949,3.93534,-0.000115532,-4.876e-07,1.90659e-05,-0,1.5708,-0,1.5708,35,100000,20,1.22353,-1.22653,474.984,167.792,353.466,769.375,542583,15.7531,74.7941,366.661,108112,500,0.807214,4.80721,-7.01968e-06,0.0222765,3.14128,0,-0,-3.14159,-1,480,180,360,-1
97232,3,1.97943,-9.84955,-0.887659,1.99382,-9.72281,-0.827218,1.99379,-9.72281,-0.827163,3.93534,-7.56375e-05,-1.18181e-05,0.000528209,-0,1.5708,-0,1.5708,35,100000,20,1.22353,-1.22653,474.976,168.084,353.758,769.667,542585,15.7531,71.2539,366.661,108112,500,0.807215,4.80721,-7.01968e-06,0.0222765,3.14128,0,-0,-3.14159,-1,480,180,360,-1
97632,3,1.97943,-9.84955,-0.887659,1.99385,-9.72275,-0.829913,1.99383,-9.72275,-0.829991,3.93534,-2.73286e-05,3.184e-05,-0.00143059,-0,1.5708,-0,1.5708,35,100000,20,1.22353,-1.22653,474.98,167.033,352.707,768.616,542605,15.7531,110.726,366.661,108112,500,0.807215,4.80721,-7.01968e-06,0.0222765,3.14128,0,-0,-3.14159,-1,480,180,360,-1
98032,3,1.97943,-9.84955,-0.887659,1.99388,-9.72281,-0.827218,1.99387,-9.72281,-0.827369,3.93534,7.59235e-06,-1.46189e-05,0.00065513,-0,1.5708,-0,1.5708,35,100000,20,1.22353,-1.22653,474.985,168.007,353.681,769.59,542584,15.7531,72.1729,366.661,108112,500,0.807214,4.80721,-7.01968e-06,0.0222765,3.14128,0,-0,-3.14159,-1,480,180,360,-1
98434,3,1.97943,-9.84955,-0.887659,1.99391,-9.72281,-0.827218,1.99391,-9.72282,-0.82705,3.93534,3.27206e-05,-1.49667e-05,0.000671082,-0,1.5708,-0,1.5708,35,100000,20,1.22353,-1.22653,474.988,168.126,353.799,769.709,542585,15.7531,70.7542,366.661,108112,500,0.807214,4.80721,-7.01968e-06,0.0222765,3.14128,0,-0,-3.14159,-1,480,180,360,-1
98832,3,1.97943,-9.84955,-0.887659,1.99395,-9.72281,-0.827218,1.99395,-9.7228,-0.827798,3.93534,4.83803e-05,-4.53755e-06,0.000203218,-0,1.5708,-0,1.5708,35,100000,20,1.22353,-1.22653,474.989,167.848,353.522,769.431,542584,15.7531,74.1064,366.661,108112,500,0.807214,4.80721,-7.01968e-06,0.0222765,3.14128,0,-0,-3.14159,-1,480,180,360,-1
99232,3,1.97943,-9.84955,-0.887659,1.99128,-9.72281,-0.827218,1.99188,-9.7228,-0.827879,3.93534,-0.00141366,-5.98172e-06,0.00024736,-0,1.5708,-0,1.5708,35,100000,20,1.22353,-1.22653,474.208,167.818,353.492,769.401,542584,15.7531,74.4972,366.662,108112,500,0.807222,4.80722,-7.01968e-06,0.0222765,3.14128,0,-0,-3.14159,-1,480,180,360,-1
99632,3,1.97943,-9.84955,-0.887659,1.99131,-9.72281,-0.827218,1.99163,-9.72282,-0.827106,3.93534,-0.00138113,-1.51644e-05,0.000659971,-0,1.5708,-0,1.5708,35,100000,20,1.22353,-1.22653,474.105,168.105,353.779,769.688,542584,15.7531,71.024,366.662,108112,500,0.807224,4.80722,-7.01968e-06,0.0222765,3.14128,0,-0,-3.14159,-1,480,180,360,-1
100032,3,1.97943,-9.84955,-0.887659,1.99404,-9.72281,-0.827218,1.99389,-9.72282,-0.827068,3.93534,0.000441246,-1.11988e-05,0.000507751,-0,1.5708,-0,1.5708,35,100000,20,1.22353,-1.22653,474.93,168.119,353.793,769.702,542585,15.7531,70.8316,366.661,108112,500,0.807215,4.80722,-7.01968e-06,0.0222765,3.14128,0,-0,-3.14159,-1,480,180,360,-1
